page,clicks,impressions,ctr,position
https://sakhva-travel.com/ge/blog/tbilisoba/,796,9417,0.0845,3.28
https://sakhva-travel.com/en/blog/what-to-buy-in-georgia/,554,8364,0.0662,4.26
https://sakhva-travel.com/blog/gruzinskie-frazy/,455,52993,0.0086,7.46
https://sakhva-travel.com/blog/tbilisoba/,344,6274,0.0548,4.48
https://sakhva-travel.com/blog/gruzinskiy-alfavit/,332,26843,0.0124,5.25
https://sakhva-travel.com/ge/blog/georgian-toasts/,332,7311,0.0454,6.49
https://sakhva-travel.com/ge/blog/transfer-tbilisi-to-kazbegi/,280,2554,0.1096,4.05
https://sakhva-travel.com/en/blog/tbilisoba/,273,6084,0.0449,4.63
https://sakhva-travel.com/ge/blog/martvili-canyon/,200,5652,0.0354,6.56
https://sakhva-travel.com/blog/gruzinskie-tosty/,177,4105,0.0431,5.1
https://sakhva-travel.com/en/blog/transfer-tbilisi-to-kazbegi/,172,9279,0.0185,6.26
https://sakhva-travel.com/en/blog/georgia-in-september/,148,32473,0.0046,5.88
https://sakhva-travel.com/ge/blog/sulfur-baths-tbilisi/,138,2623,0.0526,7.28
https://sakhva-travel.com/blog/chto-privezti-iz-gruzii/,130,5266,0.0247,7.33
https://sakhva-travel.com/ge/blog/what-to-see-in-tbilisi/,112,2776,0.0403,5.91
https://sakhva-travel.com/en/blog/tbilisi-cable-car/,111,12320,0.009,6.49
https://sakhva-travel.com/blog/restorany-tbilisi/,108,5070,0.0213,9.31
https://sakhva-travel.com/en/blog/kazbegi-in-winter/,105,4420,0.0238,4.74
https://sakhva-travel.com/blog/karty-nalichnye-gruziya/,102,8062,0.0127,6.4
https://sakhva-travel.com/blog/rouming-v-gruzii/,102,7523,0.0136,5.96
https://sakhva-travel.com/en/blog/tbilisi-techno-scene/,90,6543,0.0138,6.72
https://sakhva-travel.com/blog/metro-tbilisi/,88,18127,0.0049,5.08
https://sakhva-travel.com/blog/ureki-plyazh/,85,5019,0.0169,6.38
https://sakhva-travel.com/blog/kanatnaya-doroga-tbilisi/,75,6035,0.0124,7.54
https://sakhva-travel.com/blog/basseyny-tbilisi/,67,3395,0.0197,7.49
https://sakhva-travel.com/ge/ekskursiya/rtveli-grape-harvest/,64,1677,0.0382,6.12
https://sakhva-travel.com/ge/blog/things-to-see-kazbegi/,61,722,0.0845,5.3
https://sakhva-travel.com/ge/blog/georgian-alphabet/,60,5591,0.0107,6.75
https://sakhva-travel.com/blog/gruziya-s-pitomcem/,58,940,0.0617,5.24
https://sakhva-travel.com/blog/tbilisi-v-dozhd/,58,627,0.0925,5.06
https://sakhva-travel.com/en/blog/georgian-alphabet/,57,20581,0.0028,7.35
https://sakhva-travel.com/en/blog/botanical-garden-tbilisi/,55,4495,0.0122,6.53
https://sakhva-travel.com/ge/blog/best-restaurants-tbilisi/,55,2220,0.0248,7.87
https://sakhva-travel.com/blog/kluby-tbilisi/,53,1563,0.0339,6.84
https://sakhva-travel.com/blog/termalnye-istochniki-gruzii/,53,1443,0.0367,7.09
https://sakhva-travel.com/blog/tbilisskoe-ozero/,50,1898,0.0263,7.09
https://sakhva-travel.com/en/blog/best-time-visit-kazbegi/,47,3719,0.0126,5.66
https://sakhva-travel.com/blog/chaevye-v-gruzii/,46,1825,0.0252,3.25
https://sakhva-travel.com/en/blog/soviet-tbilisi-tour/,45,1718,0.0262,7.47
https://sakhva-travel.com/ge/blog/tbilisi-photo-spots/,45,569,0.0791,5.7
https://sakhva-travel.com/en/blog/georgia-with-kids/,42,1873,0.0224,6.2
https://sakhva-travel.com/en/blog/money-cards-georgia/,41,9546,0.0043,5.6
https://sakhva-travel.com/blog/otkryt-schet-v-banke-gruzii/,39,2243,0.0174,7.97
https://sakhva-travel.com/en/blog/georgia-passport-requirements/,38,5669,0.0067,6.56
https://sakhva-travel.com/ge/blog/tbilisi-with-kids-guide/,37,482,0.0768,5.33
https://sakhva-travel.com/blog/arenda-kvartiry-tbilisi/,36,2838,0.0127,5.69
https://sakhva-travel.com/blog/fabrika-tbilisi/,34,1954,0.0174,7.53
https://sakhva-travel.com/blog/tbilisi-besplatno/,34,393,0.0865,4.85
https://sakhva-travel.com/en/blog/tbilisi-batumi-train/,34,8586,0.004,6.91
https://sakhva-travel.com/en/ekskursiya/rtveli-grape-harvest/,34,920,0.037,6.45
https://sakhva-travel.com/blog/svyaz-i-internet-v-gruzii/,33,4607,0.0072,7.26
https://sakhva-travel.com/blog/chacha-gruzinskaya/,32,7732,0.0041,6.91
https://sakhva-travel.com/blog/gruziya-v-sentyabre/,32,3001,0.0107,7.63
https://sakhva-travel.com/blog/poezd-tbilisi-batumi/,32,2558,0.0125,6.81
https://sakhva-travel.com/en/blog/kazbegi-day-trip-from-tbilisi/,32,3798,0.0084,6.4
https://sakhva-travel.com/en/blog/gifts-from-tbilisi/,31,1268,0.0244,6.36
https://sakhva-travel.com/ge/ekskursiya/ekskursiya-svaneti-iz-tbilisi/,31,371,0.0836,6.13
https://sakhva-travel.com/en/blog/tbilisi-taxi-guide/,30,8573,0.0035,5.86
https://sakhva-travel.com/blog/botanicheskiy-sad-tbilisi/,29,2259,0.0128,6.85
https://sakhva-travel.com/blog/gruzinskie-sladosti/,29,2591,0.0112,6.05
https://sakhva-travel.com/en/blog/tbilisi-lakes/,27,4394,0.0061,7.51
https://sakhva-travel.com/en/blog/sulfur-baths-tbilisi/,26,2965,0.0088,8.39
https://sakhva-travel.com/en/blog/tipping-in-georgia/,26,4085,0.0064,5.76
https://sakhva-travel.com/blog/kanyon-martvili/,25,1981,0.0126,8.97
https://sakhva-travel.com/blog/tskaltubo/,25,799,0.0313,6.93
https://sakhva-travel.com/en/blog/batumi-from-tbilisi/,25,4515,0.0055,8.01
https://sakhva-travel.com/en/blog/mtskheta-day-trip/,25,1678,0.0149,6.06
https://sakhva-travel.com/en/blog/truso-valley-hike/,25,1757,0.0142,6.54
https://sakhva-travel.com/ekskursiya/ekskursiya-svaneti-iz-tbilisi/,24,362,0.0663,8.78
https://sakhva-travel.com/ge/blog/borjomi-complete-guide/,24,2227,0.0108,8.13
https://sakhva-travel.com/ge/blog/kakheti-complete-guide/,24,1319,0.0182,7.99
https://sakhva-travel.com/blog/chernoe-more-gruzii/,23,2405,0.0096,7.68
https://sakhva-travel.com/en/blog/borjomi-complete-guide/,23,4061,0.0057,7.51
https://sakhva-travel.com/en/blog/georgian-toasts/,23,2142,0.0107,6.54
https://sakhva-travel.com/blog/kurs-lari-k-rublyu/,22,3153,0.007,7.45
https://sakhva-travel.com/en/blog/david-gareja-monastery/,22,2029,0.0108,6.69
https://sakhva-travel.com/en/blog/sunday-in-tbilisi/,22,760,0.0289,5.65
https://sakhva-travel.com/en/blog/tbilisi-nightlife/,22,6405,0.0034,6.95
https://sakhva-travel.com/,21,388,0.0541,3.84
https://sakhva-travel.com/blog/skrytye-mesta-tbilisi/,21,291,0.0722,6.46
https://sakhva-travel.com/en/blog/open-bank-account-georgia/,21,8354,0.0025,5.49
https://sakhva-travel.com/en/blog/thermal-springs-georgia/,21,654,0.0321,6.29
https://sakhva-travel.com/ge/blog/truso-valley-hike/,21,975,0.0215,7.22
https://sakhva-travel.com/blog/nochnoy-tbilisi/,20,795,0.0252,6.61
https://sakhva-travel.com/ekskursiya/rtveli-sbor-vinograda/,20,275,0.0727,5.41
https://sakhva-travel.com/en/blog/fabrika-tbilisi-guide/,20,4063,0.0049,7.96
https://sakhva-travel.com/en/blog/kakheti-one-day-trip/,20,1882,0.0106,6.01
https://sakhva-travel.com/blog/kakheti-osenyu/,19,302,0.0629,4.61
https://sakhva-travel.com/blog/sernye-bani-tbilisi/,19,1213,0.0157,8.09
https://sakhva-travel.com/ge/blog/tbilisi-nightlife/,19,675,0.0281,6.5
https://sakhva-travel.com/ge/ekskursiya/ekskursiya-dashbashi-iz-tbilisi/,19,292,0.0651,6.49
https://sakhva-travel.com/blog/tury-v-borzhomi-2026/,18,889,0.0202,6.89
https://sakhva-travel.com/en/blog/tbilisi-metro-guide/,18,11012,0.0016,7.3
https://sakhva-travel.com/en/blog/tbilisi-rainy-day/,18,2460,0.0073,6.27
https://sakhva-travel.com/blog/aeroport-tbilisi/,17,1172,0.0145,7.72
https://sakhva-travel.com/blog/zagranpasport-v-gruziyu/,17,2344,0.0073,8.14
https://sakhva-travel.com/en/blog/martvili-canyon/,17,4263,0.004,7.94
https://sakhva-travel.com/en/blog/tbilisi-museums/,17,5423,0.0031,7.3
https://sakhva-travel.com/blog/taksi-tbilisi/,16,3140,0.0051,8.76
https://sakhva-travel.com/en/blog/georgia-7-day-itinerary/,16,1389,0.0115,7.45
https://sakhva-travel.com/en/blog/narikala-fortress-tbilisi/,16,6100,0.0026,8.65
https://sakhva-travel.com/en/blog/stamba-hotel-tbilisi/,16,1810,0.0088,9.27
https://sakhva-travel.com/ge/blog/botanical-garden-tbilisi/,16,977,0.0164,7.0
https://sakhva-travel.com/en/blog/camping-glamping-georgia/,15,1223,0.0123,5.25
https://sakhva-travel.com/en/blog/georgia-visa-2026/,15,18091,0.0008,6.46
https://sakhva-travel.com/en/blog/georgia-with-pets/,15,1786,0.0084,5.76
https://sakhva-travel.com/en/blog/gori-uplistsikhe-guide/,15,1840,0.0082,6.38
https://sakhva-travel.com/ge/blog/tbilisi-batumi-train/,15,5226,0.0029,7.2
https://sakhva-travel.com/blog/gruziya-s-detmi/,14,419,0.0334,8.43
https://sakhva-travel.com/blog/kogda-ekhat-v-kazbegi/,14,421,0.0333,5.26
https://sakhva-travel.com/blog/vardzia/,14,1350,0.0104,8.26
https://sakhva-travel.com/en/blog/ureki-beach/,14,1962,0.0071,5.61
https://sakhva-travel.com/ge/blog/georgia-in-september/,14,588,0.0238,5.74
https://sakhva-travel.com/ge/blog/georgian-phrases-tourists/,14,189,0.0741,6.18
https://sakhva-travel.com/ge/blog/kazbegi-complete-guide/,14,1219,0.0115,8.68
https://sakhva-travel.com/ge/blog/tbilisi-cable-car/,14,524,0.0267,5.64
https://sakhva-travel.com/blog/kazbegi-ili-kakheti/,13,224,0.058,5.89
https://sakhva-travel.com/blog/lagodekhi-nacionalnyy-park/,13,393,0.0331,7.13
https://sakhva-travel.com/ekskursiya/progulka-po-kure-tbilisi/,13,464,0.028,7.61
https://sakhva-travel.com/en/,13,217,0.0599,6.89
https://sakhva-travel.com/en/blog/black-sea-georgia/,13,2879,0.0045,6.43
https://sakhva-travel.com/en/blog/how-to-get-married-in-georgia/,13,576,0.0226,5.8
https://sakhva-travel.com/en/blog/tskaltubo-abandoned-sanatoriums/,13,469,0.0277,5.98
https://sakhva-travel.com/blog/gruziya-7-dney/,12,485,0.0247,8.74
https://sakhva-travel.com/blog/kazbegi-zimoy/,12,227,0.0529,4.89
https://sakhva-travel.com/blog/muzei-tbilisi/,12,917,0.0131,8.13
https://sakhva-travel.com/blog/tbilisi-s-detmi-chto-posmotret/,12,547,0.0219,6.81
https://sakhva-travel.com/ge/ekskursiya/tur-svaneti-4-dnya/,12,258,0.0465,7.33
https://sakhva-travel.com/blog/kak-raspisatsya-v-gruzii/,11,340,0.0324,6.58
https://sakhva-travel.com/blog/kakheti-za-1-den/,11,747,0.0147,8.44
https://sakhva-travel.com/en/blog/apartment-rental-tbilisi/,11,1491,0.0074,5.09
https://sakhva-travel.com/en/blog/free-things-tbilisi/,11,777,0.0142,6.49
https://sakhva-travel.com/en/blog/georgia-trip-cost/,11,6088,0.0018,7.29
https://sakhva-travel.com/en/blog/kakheti-in-autumn/,11,970,0.0113,6.17
https://sakhva-travel.com/en/blog/new-year-in-georgia/,11,572,0.0192,6.28
https://sakhva-travel.com/ge/blog/russian-speaking-guide-tbilisi/,11,67,0.1642,6.39
https://sakhva-travel.com/blog/gruzinskoe-vino-gid/,10,1075,0.0093,8.14
https://sakhva-travel.com/blog/kemping-glamping-gruziya/,10,180,0.0556,5.87
https://sakhva-travel.com/blog/mtskheta-iz-tbilisi/,10,896,0.0112,8.46
https://sakhva-travel.com/blog/narikala-tbilisi/,10,947,0.0106,8.34
https://sakhva-travel.com/blog/skolko-stoit-otdyh-v-gruzii/,10,2116,0.0047,6.86
https://sakhva-travel.com/ekskursiya/ekskursii-iz-kutaisi/,10,137,0.073,7.96
https://sakhva-travel.com/ekskursiya/ekskursiya-racha-iz-tbilisi/,10,88,0.1136,6.34
https://sakhva-travel.com/en/blog/svaneti-guide/,10,732,0.0137,7.5
https://sakhva-travel.com/en/blog/tbilisi-with-kids-guide/,10,3207,0.0031,8.23
https://sakhva-travel.com/ge/blog/vardzia-cave-monastery/,10,698,0.0143,7.13
https://sakhva-travel.com/ge/ekskursiya/ekskursiya-david-gareji/,10,150,0.0667,5.94
https://sakhva-travel.com/blog/chto-podarit-iz-tbilisi/,9,349,0.0258,6.26
https://sakhva-travel.com/blog/dom-yustitsii-tbilisi/,9,837,0.0108,8.38
https://sakhva-travel.com/blog/lechenie-zubov-v-gruzii/,9,251,0.0359,6.55
https://sakhva-travel.com/blog/strahovka-v-gruziyu/,9,3932,0.0023,14.43
https://sakhva-travel.com/en/blog/best-restaurants-tbilisi/,9,1213,0.0074,8.57
https://sakhva-travel.com/en/blog/borjomi-from-tbilisi/,9,613,0.0147,6.71
https://sakhva-travel.com/en/blog/history-of-tbilisi/,9,2251,0.004,6.84
https://sakhva-travel.com/en/blog/tbilisi-one-day-itinerary/,9,343,0.0262,6.78
https://sakhva-travel.com/en/blog/tourist-mistakes-tbilisi/,9,355,0.0254,4.53
https://sakhva-travel.com/en/blog/vardzia-cave-monastery/,9,909,0.0099,7.28
https://sakhva-travel.com/en/ekskursiya/sovetskiy-tur-tbilisi/,9,381,0.0236,9.69
https://sakhva-travel.com/en/pogoda/mestia/,9,2063,0.0044,5.46
https://sakhva-travel.com/ge/azerbaijan/,9,75,0.12,6.95
https://sakhva-travel.com/ge/blog/basseyny-tbilisi/,9,768,0.0117,8.33
https://sakhva-travel.com/ge/blog/tbilisi-metro-guide/,9,4357,0.0021,8.03
https://sakhva-travel.com/ge/blog/ureki-beach/,9,1479,0.0061,7.84
https://sakhva-travel.com/blog/noviy-god-v-gruzii/,8,408,0.0196,8.35
https://sakhva-travel.com/blog/stamba-tbilisi/,8,599,0.0134,8.11
https://sakhva-travel.com/blog/tbilisi-dlya-relokantov/,8,279,0.0287,5.76
https://sakhva-travel.com/ge/,8,369,0.0217,7.31
https://sakhva-travel.com/ge/ekskursiya/ekskursiya-gomis-mta-iz-batumi/,8,138,0.058,5.07
https://sakhva-travel.com/ge/ekskursiya/gastronomicheskiy-tur-tbilisi/,8,42,0.1905,5.1
https://sakhva-travel.com/ge/tours-from-yerevan/,8,100,0.08,5.64
https://sakhva-travel.com/blog/istoriya-tbilisi/,7,1724,0.0041,8.33
https://sakhva-travel.com/ekskursiya/ekskursiya-gomis-mta-iz-batumi/,7,611,0.0115,8.78
https://sakhva-travel.com/en/blog/friday-in-tbilisi/,7,1186,0.0059,7.39
https://sakhva-travel.com/en/blog/kakheti-complete-guide/,7,951,0.0074,8.48
https://sakhva-travel.com/en/blog/kazbegi-vs-kakheti/,7,461,0.0152,5.62
https://sakhva-travel.com/en/blog/tbilisi-airport-guide/,7,1410,0.005,7.51
https://sakhva-travel.com/en/blog/tbilisi-neighborhoods-where-to-stay/,7,899,0.0078,7.36
https://sakhva-travel.com/en/blog/tbilisi-photo-spots/,7,509,0.0138,7.61
https://sakhva-travel.com/en/ekskursiya/ekskursiya-tusheti/,7,535,0.0131,7.01
https://sakhva-travel.com/en/ekskursiya/progulka-po-kure-tbilisi/,7,903,0.0078,7.93
https://sakhva-travel.com/en/ekskursiya/tur-dlya-pensionerov-gruziya/,7,139,0.0504,5.26
https://sakhva-travel.com/ge/blog/mtskheta-day-trip/,7,134,0.0522,6.77
https://sakhva-travel.com/ge/blog/thermal-springs-georgia/,7,115,0.0609,5.99
https://sakhva-travel.com/ge/blog/tskaltubo-abandoned-sanatoriums/,7,479,0.0146,7.37
https://sakhva-travel.com/blog/tbilisi-fotolokatsii/,6,105,0.0571,5.51
https://sakhva-travel.com/blog/tbilisi-za-1-den/,6,168,0.0357,8.25
https://sakhva-travel.com/ekskursiya/tur-dlya-pensionerov-gruziya/,6,56,0.1071,4.82
https://sakhva-travel.com/en/blog/georgia-in-winter/,6,1176,0.0051,10.25
https://sakhva-travel.com/en/blog/gorges-of-georgia/,6,467,0.0128,6.98
https://sakhva-travel.com/en/blog/kazbegi-complete-guide/,6,698,0.0086,7.39
https://sakhva-travel.com/en/blog/public-service-hall-georgia/,6,770,0.0078,6.78
https://sakhva-travel.com/en/blog/sim-card-internet-georgia/,6,2238,0.0027,6.8
https://sakhva-travel.com/en/blog/vegan-food-georgia/,6,244,0.0246,6.39
https://sakhva-travel.com/en/ekskursiya/kazbegi-transfer-from-tbilisi/,6,126,0.0476,4.82
https://sakhva-travel.com/ge/blog/kakheti-in-autumn/,6,153,0.0392,6.19
https://sakhva-travel.com/ge/blog/khinkali-georgian-dumplings/,6,757,0.0079,8.94
https://sakhva-travel.com/ge/blog/narikala-fortress-tbilisi/,6,828,0.0072,8.66
https://sakhva-travel.com/ge/blog/oteli-tbilisi-5-zvezd-v-centre/,6,353,0.017,6.24
https://sakhva-travel.com/ge/blog/tbilisi-lakes/,6,380,0.0158,7.26
https://sakhva-travel.com/ge/blog/tbilisoba/#when,6,4590,0.0013,2.46
https://sakhva-travel.com/ge/ekskursiya/ekskursiya-kazbegi-iz-tbilisi/,6,74,0.0811,6.5
https://sakhva-travel.com/ge/ekskursiya/ekskursiya-sighnaghi-iz-tbilisi/,6,79,0.0759,6.38
https://sakhva-travel.com/ge/ekskursiya/svadebny-tur-gruziya/,6,69,0.087,7.65
https://sakhva-travel.com/ge/georgia-travel-guide/,6,223,0.0269,7.27
https://sakhva-travel.com/vinnye-tury-gruzia/,6,256,0.0234,12.93
https://sakhva-travel.com/blog/degustatsiya-vina-gruziya/,5,204,0.0245,6.16
https://sakhva-travel.com/blog/gruziya-zimoy/,5,493,0.0101,7.86
https://sakhva-travel.com/blog/veganskaya-eda-v-gruzii/,5,72,0.0694,4.56
https://sakhva-travel.com/ekskursiya/vinodelie-kindzmarauli/,5,132,0.0379,7.97
https://sakhva-travel.com/en/blog/digital-nomad-tbilisi/,5,1594,0.0031,6.73
https://sakhva-travel.com/en/blog/georgian-wine-guide/,5,827,0.006,14.21
https://sakhva-travel.com/en/blog/hotels-tbilisi/,5,345,0.0145,6.75
https://sakhva-travel.com/en/blog/lagodekhi-national-park/,5,409,0.0122,8.09
https://sakhva-travel.com/en/blog/rafting-in-georgia/,5,399,0.0125,7.01
https://sakhva-travel.com/en/ekskursiya/ekskursiya-svaneti-iz-tbilisi/,5,192,0.026,7.59
https://sakhva-travel.com/en/ekskursiya/kvevri-vino-tur/,5,178,0.0281,6.67
https://sakhva-travel.com/ge/blog/adjarian-khachapuri-guide/,5,674,0.0074,8.27
https://sakhva-travel.com/ge/blog/black-sea-georgia/,5,437,0.0114,6.34
https://sakhva-travel.com/ge/blog/free-things-tbilisi/,5,80,0.0625,6.49
https://sakhva-travel.com/ge/blog/georgian-food-guide/,5,441,0.0113,10.44
https://sakhva-travel.com/ge/blog/lagodekhi-national-park/,5,153,0.0327,7.69
https://sakhva-travel.com/ge/cyprus/,5,344,0.0145,8.77
https://sakhva-travel.com/ge/ekskursiya/ekskursiya-hevsuretia-shatili/,5,58,0.0862,6.07
https://sakhva-travel.com/ge/ekskursiya/tur-gruziya-5-dney/,5,64,0.0781,7.27
https://sakhva-travel.com/tury-v-gruziyu-iz-nalchika/,5,527,0.0095,8.04
https://sakhva-travel.com/blog/batumi-iz-tbilisi/,4,434,0.0092,7.47
https://sakhva-travel.com/blog/kazbegi-iz-tbilisi-2026/,4,768,0.0052,8.51
https://sakhva-travel.com/blog/tbilisi-za-3-dnya/,4,198,0.0202,8.08
https://sakhva-travel.com/blog/transfer-tbilisi-kazbegi/,4,259,0.0154,8.54
https://sakhva-travel.com/blog/tseny-v-tbilisi-2026/,4,747,0.0054,6.1
https://sakhva-travel.com/blog/tury-v-batumi-2026/,4,415,0.0096,6.5
https://sakhva-travel.com/blog/ushchelya-gruzii/,4,182,0.022,6.07
https://sakhva-travel.com/blog/ushchelye-truso/,4,256,0.0156,7.09
https://sakhva-travel.com/blog/voskresene-v-tbilisi/,4,130,0.0308,5.22
https://sakhva-travel.com/ekskursiya/,4,247,0.0162,14.22
https://sakhva-travel.com/ekskursiya/ekskursiya-borjomi-iz-tbilisi/,4,84,0.0476,20.11
https://sakhva-travel.com/ekskursiya/ekskursiya-dashbashi-iz-tbilisi/,4,231,0.0173,7.67
https://sakhva-travel.com/ekskursiya/ekskursiya-kakheti-iz-tbilisi/,4,269,0.0149,46.13
https://sakhva-travel.com/ekskursiya/ekskursiya-tusheti/,4,64,0.0625,7.67
https://sakhva-travel.com/ekskursiya/sovetskiy-tur-tbilisi/,4,24,0.1667,6.96
https://sakhva-travel.com/ekskursiya/tur-batumi-iz-tbilisi/,4,386,0.0104,40.9
https://sakhva-travel.com/ekskursiya/ushguli-shkhara-lednik/,4,62,0.0645,5.44
https://sakhva-travel.com/en/about/,4,108,0.037,5.94
https://sakhva-travel.com/en/blog/chacha-georgian-brandy/,4,528,0.0076,7.11
https://sakhva-travel.com/en/blog/dental-tourism-georgia/,4,513,0.0078,6.77
https://sakhva-travel.com/en/blog/georgia-in-may/,4,1280,0.0031,6.87
https://sakhva-travel.com/en/blog/hidden-gems-tbilisi/,4,186,0.0215,10.47
https://sakhva-travel.com/en/ekskursiya/ekskursiya-ananuri-iz-tbilisi/,4,602,0.0066,5.36
https://sakhva-travel.com/en/ekskursiya/hayking-juta-chaukhi-iz-kazbegi/,4,247,0.0162,9.68
https://sakhva-travel.com/en/ekskursiya/hayking-truso-iz-kazbegi/,4,260,0.0154,7.31
https://sakhva-travel.com/en/ekskursiya/svadebny-tur-gruziya/,4,372,0.0108,8.4
https://sakhva-travel.com/en/ekskursiya/tur-gruziya-noviy-god/,4,1243,0.0032,5.17
https://sakhva-travel.com/en/guria/,4,685,0.0058,6.39
https://sakhva-travel.com/en/pogoda/kazbegi/,4,2533,0.0016,5.39
https://sakhva-travel.com/ge/blog/gorges-of-georgia/,4,231,0.0173,7.29
https://sakhva-travel.com/ge/blog/gori-uplistsikhe-guide/,4,609,0.0066,6.76
https://sakhva-travel.com/ge/blog/kazbegi-day-trip-from-tbilisi/,4,211,0.019,7.47
https://sakhva-travel.com/ge/blog/svaneti-guide/,4,381,0.0105,7.15
https://sakhva-travel.com/ge/blog/tbilisi-taxi-guide/,4,919,0.0044,5.51
https://sakhva-travel.com/ge/blog/travel-insurance-georgia-2026/,4,755,0.0053,7.34
https://sakhva-travel.com/ge/blog/what-to-see-in-georgia/,4,78,0.0513,7.59
https://sakhva-travel.com/ge/ekskursiya/,4,121,0.0331,6.57
https://sakhva-travel.com/ge/ekskursiya/ekskursiya-zugdidi/,4,99,0.0404,7.29
https://sakhva-travel.com/ge/ekskursiya/progulka-po-kure-tbilisi/,4,90,0.0444,6.08
https://sakhva-travel.com/ge/pogoda/kazbegi/,4,755,0.0053,9.23
https://sakhva-travel.com/ge/tours-from-kazakhstan/,4,28,0.1429,5.75
https://sakhva-travel.com/tury-v-gruziyu-iz-kislovodska/,4,231,0.0173,7.61
https://sakhva-travel.com/blog/oteli-tbilisi-5-zvezd-v-centre/,3,729,0.0041,9.39
https://sakhva-travel.com/blog/perevod-i-zaverenie-dokumentov-v-gruzii/,3,217,0.0138,5.97
https://sakhva-travel.com/blog/rayony-tbilisi-gde-ostanovitsya/,3,532,0.0056,9.54
https://sakhva-travel.com/ekskursiya/ekskursiya-sighnaghi-iz-tbilisi/,3,77,0.039,12.91
https://sakhva-travel.com/ekskursiya/ekskursiya-stary-tbilisi/,3,13,0.2308,7.77
https://sakhva-travel.com/ekskursiya/ekskursiya-vardzia/,3,261,0.0115,8.32
https://sakhva-travel.com/ekskursiya/tur-batumi-2-dnya/,3,15,0.2,5.93
https://sakhva-travel.com/ekskursiya/tur-kazbegi-kakheti-2-dnya/,3,39,0.0769,7.26
https://sakhva-travel.com/ekskursiya/vinniy-marshrut-alazani/,3,271,0.0111,7.52
https://sakhva-travel.com/en/blog/kutaisi-day-trip/,3,347,0.0086,6.87
https://sakhva-travel.com/en/blog/private-guide-cost-tbilisi/,3,659,0.0046,6.54
https://sakhva-travel.com/en/ekskursiya/ekskursiya-borjomi-iz-tbilisi/,3,55,0.0545,22.29
https://sakhva-travel.com/en/ekskursiya/ekskursiya-dashbashi-iz-tbilisi/,3,398,0.0075,8.4
https://sakhva-travel.com/en/ekskursiya/ekskursiya-truso/,3,115,0.0261,8.94
https://sakhva-travel.com/en/ekskursiya/ozero-koruldi-mestia/,3,154,0.0195,5.12
https://sakhva-travel.com/en/ekskursiya/pohod-v-gory-gruzia/,3,315,0.0095,8.08
https://sakhva-travel.com/en/pogoda/batumi/,3,1058,0.0028,8.04
https://sakhva-travel.com/ge/blog/fabrika-tbilisi-guide/,3,633,0.0047,9.7
https://sakhva-travel.com/ge/blog/georgia-passport-requirements/,3,182,0.0165,6.87
https://sakhva-travel.com/ge/blog/georgian-sweets-desserts/,3,106,0.0283,5.57
https://sakhva-travel.com/ge/blog/stamba-hotel-tbilisi/,3,237,0.0127,8.88
https://sakhva-travel.com/ge/blog/tbilisoba/#program,3,4567,0.0007,2.46
https://sakhva-travel.com/ge/blog/what-to-buy-in-georgia/,3,80,0.0375,7.78
https://sakhva-travel.com/ge/ekskursiya/chacha-master-klass/,3,72,0.0417,5.33
https://sakhva-travel.com/ge/ekskursiya/ekskursiya-ananuri-iz-tbilisi/,3,132,0.0227,5.8
https://sakhva-travel.com/ge/ekskursiya/ekskursiya-jvari-iz-tbilisi/,3,46,0.0652,6.54
https://sakhva-travel.com/ge/ekskursiya/ekskursiya-kakheti-iz-tbilisi/,3,54,0.0556,5.65
https://sakhva-travel.com/ge/ekskursiya/ekskursiya-mtatsminda/,3,216,0.0139,7.65
https://sakhva-travel.com/ge/ekskursiya/tur-dlya-detey-tbilisi/,3,46,0.0652,6.07
https://sakhva-travel.com/ge/ekskursiya/tur-gruziya-armeniya/,3,74,0.0405,6.58
https://sakhva-travel.com/ge/ekskursiya/tur-kutaisi-iz-tbilisi/,3,78,0.0385,6.99
https://sakhva-travel.com/ge/imereti/,3,38,0.0789,7.89
https://sakhva-travel.com/ge/odnodnevnye-ekskursii-iz-tbilisi/,3,64,0.0469,8.2
https://sakhva-travel.com/ge/prices/,3,97,0.0309,6.89
https://sakhva-travel.com/ge/tury-v-svaneti/,3,15,0.2,8.2
https://sakhva-travel.com/mnogodnevnye-tury-gruzia/,3,127,0.0236,29.81
https://sakhva-travel.com/pogoda/kazbegi/,3,254,0.0118,7.26
https://sakhva-travel.com/racha/,3,269,0.0112,8.22
https://sakhva-travel.com/adjara/,2,577,0.0035,10.88
https://sakhva-travel.com/blog/digital-nomad-tbilisi/,2,471,0.0042,6.65
https://sakhva-travel.com/blog/gruzinskaya-kukhnya-chto-poprobovat/,2,248,0.0081,7.25
https://sakhva-travel.com/blog/gruziya-kogda-ekhat/,2,344,0.0058,7.34
https://sakhva-travel.com/blog/gruziya-v-mae/,2,190,0.0105,11.32
https://sakhva-travel.com/blog/kazbegi-samostoyatelno-ili-s-gidom/,2,71,0.0282,5.9
https://sakhva-travel.com/blog/tury-v-gori-2026/,2,214,0.0093,6.31
https://sakhva-travel.com/blog/tury-v-kazbegi-2026/,2,10,0.2,6.2
https://sakhva-travel.com/contacts/,2,33,0.0606,3.36
https://sakhva-travel.com/ekskursiya/art-tur-tbilisi/,2,43,0.0465,7.49
https://sakhva-travel.com/ekskursiya/ekskursiya-batumi-kutaisi/,2,36,0.0556,6.92
https://sakhva-travel.com/ekskursiya/ekskursiya-gori-iz-tbilisi/,2,63,0.0317,12.46
https://sakhva-travel.com/ekskursiya/ekskursiya-jvari-iz-tbilisi/,2,42,0.0476,6.48
https://sakhva-travel.com/ekskursiya/ekskursiya-kanyony-zapadnoy-gruzii/,2,37,0.0541,7.51
https://sakhva-travel.com/ekskursiya/ekskursiya-ureki-iz-tbilisi/,2,99,0.0202,7.69
https://sakhva-travel.com/ekskursiya/ekskursiya-zugdidi/,2,87,0.023,7.07
https://sakhva-travel.com/ekskursiya/konny-tur-stepantsminda/,2,80,0.025,8.74
https://sakhva-travel.com/ekskursiya/ozero-koruldi-mestia/,2,42,0.0476,5.36
https://sakhva-travel.com/ekskursiya/tur-gruziya-noviy-god/,2,12,0.1667,6.42
https://sakhva-travel.com/en/abkhazia/,2,284,0.007,7.75
https://sakhva-travel.com/en/blog/batumi-complete-guide/,2,926,0.0022,10.0
https://sakhva-travel.com/en/blog/car-rental-georgia/,2,191,0.0105,7.73
https://sakhva-travel.com/en/blog/georgian-sweets-desserts/,2,190,0.0105,7.08
https://sakhva-travel.com/en/blog/russian-speaking-guide-tbilisi/,2,246,0.0081,7.01
https://sakhva-travel.com/en/blog/saturday-in-tbilisi/,2,94,0.0213,6.06
https://sakhva-travel.com/en/blog/tbilisi-3-day-itinerary/,2,288,0.0069,7.06
https://sakhva-travel.com/en/ekskursiya/chacha-master-klass/,2,65,0.0308,6.2
https://sakhva-travel.com/en/ekskursiya/ekskursiya-kakheti-iz-tbilisi/,2,129,0.0155,13.2
https://sakhva-travel.com/en/ekskursiya/ekskursiya-narikala/,2,424,0.0047,24.02
https://sakhva-travel.com/en/ekskursiya/konny-tur-stepantsminda/,2,125,0.016,9.25
https://sakhva-travel.com/en/ekskursiya/vinniy-marshrut-alazani/,2,380,0.0053,5.32
https://sakhva-travel.com/en/pogoda/,2,1098,0.0018,4.92
https://sakhva-travel.com/en/pogoda/kutaisi/,2,1016,0.002,6.34
https://sakhva-travel.com/en/prices/,2,292,0.0068,7.68
https://sakhva-travel.com/en/samegrelo/,2,465,0.0043,9.04
https://sakhva-travel.com/en/tours-from-nalchik/,2,118,0.0169,6.44
https://sakhva-travel.com/en/tours-from-vladikavkaz/,2,401,0.005,5.71
https://sakhva-travel.com/en/vip-tour-georgia/,2,27,0.0741,8.3
https://sakhva-travel.com/ge/abkhazia/,2,95,0.0211,5.99
https://sakhva-travel.com/ge/armenia/,2,99,0.0202,8.22
https://sakhva-travel.com/ge/blog/borjomi-from-tbilisi/,2,254,0.0079,7.43
https://sakhva-travel.com/ge/blog/camping-glamping-georgia/,2,157,0.0127,6.8
https://sakhva-travel.com/ge/blog/chacha-georgian-brandy/,2,354,0.0056,6.04
https://sakhva-travel.com/ge/blog/david-gareja-monastery/,2,115,0.0174,7.26
https://sakhva-travel.com/ge/blog/georgia-with-pets/,2,93,0.0215,6.74
https://sakhva-travel.com/ge/blog/history-of-tbilisi/,2,433,0.0046,8.8
https://sakhva-travel.com/ge/blog/how-to-get-married-in-georgia/,2,75,0.0267,7.96
https://sakhva-travel.com/ge/blog/kakheti-wine-tour/,2,48,0.0417,6.98
https://sakhva-travel.com/ge/blog/private-vs-group-tour-tbilisi/,2,20,0.1,6.7
https://sakhva-travel.com/ge/blog/residence-permit-georgia/,2,43,0.0465,8.21
https://sakhva-travel.com/ge/blog/roaming-georgia/,2,210,0.0095,8.7
https://sakhva-travel.com/ge/blog/soviet-tbilisi-tour/,2,19,0.1053,4.89
https://sakhva-travel.com/ge/blog/tbilisi-museums/,2,501,0.004,7.74
https://sakhva-travel.com/ge/blog/tbilisi-techno-scene/,2,65,0.0308,5.91
https://sakhva-travel.com/ge/blog/tbilisi-tourist-guide/,2,50,0.04,8.58
https://sakhva-travel.com/ge/blog/tbilisi-tours-guide/,2,77,0.026,7.01
https://sakhva-travel.com/ge/blog/tbilisoba/#what,2,4589,0.0004,2.46
https://sakhva-travel.com/ge/ekskursiya/ekskursii-iz-kutaisi/,2,26,0.0769,6.5
https://sakhva-travel.com/ge/ekskursiya/ekskursiya-gori-iz-tbilisi/,2,49,0.0408,6.63
https://sakhva-travel.com/ge/ekskursiya/ekskursiya-mtskheta-iz-tbilisi/,2,32,0.0625,6.84
https://sakhva-travel.com/ge/ekskursiya/ekskursiya-racha-iz-tbilisi/,2,82,0.0244,6.63
https://sakhva-travel.com/ge/ekskursiya/ekskursiya-telavi-iz-tbilisi/,2,47,0.0426,6.11
https://sakhva-travel.com/ge/ekskursiya/khachapuri-master-klass/,2,106,0.0189,7.05
https://sakhva-travel.com/ge/ekskursiya/korporativniy-tur-tbilisi/,2,16,0.125,6.06
https://sakhva-travel.com/ge/ekskursiya/vinodelie-kindzmarauli/,2,7,0.2857,7.57
https://sakhva-travel.com/ge/kvemo-kartli/,2,44,0.0455,7.91
https://sakhva-travel.com/ge/pogoda/samtskhe-javakheti/,2,92,0.0217,7.41
https://sakhva-travel.com/ge/samegrelo/,2,151,0.0132,8.62
https://sakhva-travel.com/ge/tours-from-kazan/,2,23,0.087,8.26
https://sakhva-travel.com/ge/tours-from-makhachkala/,2,85,0.0235,8.13
https://sakhva-travel.com/ge/tours-from-moscow/,2,54,0.037,11.31
https://sakhva-travel.com/ge/tours-from-saint-petersburg/,2,33,0.0606,10.03
https://sakhva-travel.com/ge/tours-from-tashkent/,2,5,0.4,6.8
https://sakhva-travel.com/ge/tours-from-vladikavkaz/,2,71,0.0282,7.11
https://sakhva-travel.com/ge/tours-from-volgograd/,2,29,0.069,6.86
https://sakhva-travel.com/ge/wine-tours-georgia/,2,26,0.0769,8.27
https://sakhva-travel.com/kvemo-kartli/,2,242,0.0083,8.1
https://sakhva-travel.com/partners/,2,10,0.2,6.3
https://sakhva-travel.com/pogoda/,2,119,0.0168,7.63
https://sakhva-travel.com/pogoda/bakuriani/,2,40,0.05,9.1
https://sakhva-travel.com/tury-v-gruziyu-iz-kazahstana/,2,206,0.0097,8.65
https://sakhva-travel.com/tury-v-gruziyu-iz-krasnodara/,2,27,0.0741,8.85
https://sakhva-travel.com/blog/arenda-avto-tbilisi/,1,21,0.0476,8.14
https://sakhva-travel.com/blog/chastny-gid-ili-gruppa-tbilisi/,1,11,0.0909,8.55
https://sakhva-travel.com/blog/chto-posmotret-v-tbilisi/,1,185,0.0054,7.69
https://sakhva-travel.com/blog/chto-privezti-iz-gruzii/#%D0%B2%D0%B5%D1%89%D0%B8-%D0%B8-%D1%81%D1%83%D0%B2%D0%B5%D0%BD%D0%B8%D1%80%D1%8B,1,1036,0.001,8.53
https://sakhva-travel.com/blog/david-gareji/,1,109,0.0092,8.29
https://sakhva-travel.com/blog/gamardzhoba/,1,1186,0.0008,6.34
https://sakhva-travel.com/blog/gruzinskie-tosty/#12-tostov,1,199,0.005,6.52
https://sakhva-travel.com/blog/gruzinskiy-alfavit/#tri-pisma,1,3596,0.0003,5.49
https://sakhva-travel.com/blog/kakheti-za-1-den/#why,1,122,0.0082,9.35
https://sakhva-travel.com/blog/karty-nalichnye-gruziya/#kakie,1,773,0.0013,6.19
https://sakhva-travel.com/blog/khinkali-gruzinskie/,1,395,0.0025,7.72
https://sakhva-travel.com/blog/noviy-gruzii/,1,1,1,1
https://sakhva-travel.com/blog/oshibki-turistov-tbilisi/,1,42,0.0238,5.74
https://sakhva-travel.com/blog/pyatnica-v-tbilisi/,1,71,0.0141,6.65
https://sakhva-travel.com/blog/rafting-v-gruzii/,1,171,0.0058,8.49
https://sakhva-travel.com/blog/restorany-tbilisi/#%D0%B3%D0%B4%D0%B5-%D0%B5%D1%81%D1%82%D1%8C-%D1%85%D0%B8%D0%BD%D0%BA%D0%B0%D0%BB%D0%B8,1,960,0.001,10.82
https://sakhva-travel.com/blog/skolko-stoit-gid-tbilisi/,1,59,0.0169,6.32
https://sakhva-travel.com/blog/subbota-v-tbilisi/,1,24,0.0417,5.5
https://sakhva-travel.com/blog/svanetiya/,1,7,0.1429,7.29
https://sakhva-travel.com/blog/tbilisoba/#chto,1,2744,0.0004,4.75
https://sakhva-travel.com/blog/ureki-plyazh/#pesok,1,1145,0.0009,9.06
https://sakhva-travel.com/blog/vid-na-zhitelstvo-v-gruzii/,1,84,0.0119,6.68
https://sakhva-travel.com/ekskursiya/degustatsiya-vina-kakheti/,1,26,0.0385,5.5
https://sakhva-travel.com/ekskursiya/ekskursiya-abanotubani/,1,47,0.0213,12.6
https://sakhva-travel.com/ekskursiya/ekskursiya-mtskheta-iz-tbilisi/,1,59,0.0169,25.19
https://sakhva-travel.com/ekskursiya/ekskursiya-telavi-iz-tbilisi/,1,71,0.0141,7.28
https://sakhva-travel.com/ekskursiya/gastronomicheskiy-tur-tbilisi/,1,59,0.0169,38.85
https://sakhva-travel.com/ekskursiya/hayking-gveleti-iz-kazbegi/,1,15,0.0667,4.33
https://sakhva-travel.com/ekskursiya/hayking-juta-chaukhi-iz-kazbegi/,1,63,0.0159,6.54
https://sakhva-travel.com/ekskursiya/lednik-chalaadi-mestia/,1,37,0.027,9.03
https://sakhva-travel.com/ekskursiya/nochnaya-ekskursiya-tbilisi/,1,20,0.05,5.9
https://sakhva-travel.com/ekskursiya/svadebny-tur-gruziya/,1,10,0.1,12.9
https://sakhva-travel.com/ekskursiya/transfer-tbilisi-batumi/,1,14,0.0714,20.36
https://sakhva-travel.com/ekskursiya/tur-dlya-emigrantov-tbilisi/,1,7,0.1429,8.86
https://sakhva-travel.com/ekskursiya/tur-kutaisi-iz-tbilisi/,1,129,0.0078,31.03
https://sakhva-travel.com/en/about/saba/,1,46,0.0217,8.52
https://sakhva-travel.com/en/blog/,1,182,0.0055,9.07
https://sakhva-travel.com/en/blog/a-local-guide-to-tbilisis-dry-bridge-market/,1,1,1,1
https://sakhva-travel.com/en/blog/car-rental-tbilisi/,1,1031,0.001,6.65
https://sakhva-travel.com/en/blog/david-gareja/,1,2,0.5,1
https://sakhva-travel.com/en/blog/georgia-guide-or-solo/,1,9,0.1111,4.67
https://sakhva-travel.com/en/blog/georgia-in-september/#why-september,1,4188,0.0002,7.54
https://sakhva-travel.com/en/blog/georgian-alphabet,1,4,0.25,1.5
https://sakhva-travel.com/en/blog/georgian-military-highway/,1,105,0.0095,5.37
https://sakhva-travel.com/en/blog/georgian-phrases-tourists/,1,218,0.0046,7.31
https://sakhva-travel.com/en/blog/kakheti-wine-tour/,1,141,0.0071,13.06
https://sakhva-travel.com/en/blog/khinkali-georgian-dumplings/,1,108,0.0093,8.22
https://sakhva-travel.com/en/blog/residence-permit-georgia/,1,496,0.002,9.49
https://sakhva-travel.com/en/blog/roaming-georgia/,1,343,0.0029,7.31
https://sakhva-travel.com/en/blog/tbilisi-prices-2026/,1,833,0.0012,6.21
https://sakhva-travel.com/en/blog/tbilisi-tours-guide/,1,287,0.0035,5.91
https://sakhva-travel.com/en/blog/things-to-see-kazbegi/,1,218,0.0046,11.77
https://sakhva-travel.com/en/blog/transfer-tbilisi-to-kazbegi/#price-table,1,2132,0.0005,6.44
https://sakhva-travel.com/en/blog/travel-insurance-georgia-2026/,1,473,0.0021,5.77
https://sakhva-travel.com/en/ekskursiya/art-tur-tbilisi/,1,108,0.0093,8.6
https://sakhva-travel.com/en/ekskursiya/ekskursii-iz-kutaisi/,1,49,0.0204,15.9
https://sakhva-travel.com/en/ekskursiya/ekskursiya-bakuriani-iz-tbilisi/,1,56,0.0179,10.34
https://sakhva-travel.com/en/ekskursiya/ekskursiya-batumi-kutaisi/,1,123,0.0081,6.23
https://sakhva-travel.com/en/ekskursiya/ekskursiya-gomis-mta-iz-batumi/,1,124,0.0081,6.28
https://sakhva-travel.com/en/ekskursiya/ekskursiya-gudauri-iz-tbilisi/,1,185,0.0054,10.02
https://sakhva-travel.com/en/ekskursiya/ekskursiya-kanyony-zapadnoy-gruzii/,1,159,0.0063,6.72
https://sakhva-travel.com/en/ekskursiya/ekskursiya-mtskheta-iz-tbilisi/,1,63,0.0159,14.33
https://sakhva-travel.com/en/ekskursiya/ekskursiya-racha-iz-tbilisi/,1,77,0.013,6.34
https://sakhva-travel.com/en/ekskursiya/ekskursiya-ureki-iz-tbilisi/,1,175,0.0057,6.51
https://sakhva-travel.com/en/ekskursiya/ekskursiya-vardzia/,1,241,0.0041,8.61
https://sakhva-travel.com/en/ekskursiya/family-tur-tbilisi/,1,35,0.0286,12.77
https://sakhva-travel.com/en/ekskursiya/fotosessiya-tbilisi/,1,46,0.0217,12.46
https://sakhva-travel.com/en/ekskursiya/hayking-gveleti-iz-kazbegi/,1,69,0.0145,6.43
https://sakhva-travel.com/en/ekskursiya/nochnaya-ekskursiya-tbilisi/,1,41,0.0244,8.41
https://sakhva-travel.com/en/ekskursiya/priklyuchencheskiy-tur-gruziya/,1,207,0.0048,8.74
https://sakhva-travel.com/en/ekskursiya/romanticheskiy-tur-tbilisi/,1,21,0.0476,7.9
https://sakhva-travel.com/en/ekskursiya/transfer-aeroport-tbilisi/,1,81,0.0123,13.04
https://sakhva-travel.com/en/ekskursiya/tur-batumi-iz-tbilisi/,1,246,0.0041,5.72
https://sakhva-travel.com/en/ekskursiya/tur-dlya-emigrantov-tbilisi/,1,11,0.0909,6.27
https://sakhva-travel.com/en/ekskursiya/tur-gruziya-leto/,1,52,0.0192,10.46
https://sakhva-travel.com/en/ekskursiya/tur-svaneti-4-dnya/,1,177,0.0056,7.36
https://sakhva-travel.com/en/ekskursiya/vinodelie-kindzmarauli/,1,132,0.0076,6.88
https://sakhva-travel.com/en/georgia-travel-guide/,1,573,0.0017,7.76
https://sakhva-travel.com/en/interpreter-and-support-georgia/,1,14,0.0714,6.5
https://sakhva-travel.com/en/kakheti/,1,220,0.0045,16.89
https://sakhva-travel.com/en/pogoda/borjomi/,1,210,0.0048,6.1
https://sakhva-travel.com/en/pogoda/gudauri/,1,731,0.0014,7.13
https://sakhva-travel.com/en/pogoda/mtskheta/,1,173,0.0058,5.71
https://sakhva-travel.com/en/private-guide-tbilisi/,1,34,0.0294,18.06
https://sakhva-travel.com/en/tours-from-kazakhstan/,1,9,0.1111,8.78
https://sakhva-travel.com/en/tours-in-georgia/,1,185,0.0054,14.82
https://sakhva-travel.com/ge/about/,1,25,0.04,5.24
https://sakhva-travel.com/ge/blog/apartment-rental-tbilisi/,1,22,0.0455,5.32
https://sakhva-travel.com/ge/blog/batumi-from-tbilisi/,1,267,0.0037,7.09
https://sakhva-travel.com/ge/blog/car-rental-georgia/,1,8,0.125,8.75
https://sakhva-travel.com/ge/blog/dental-tourism-georgia/,1,144,0.0069,7.01
https://sakhva-travel.com/ge/blog/georgia-first-time-tips/,1,82,0.0122,6.9
https://sakhva-travel.com/ge/blog/georgian-lari-exchange-rate/,1,147,0.0068,12.13
https://sakhva-travel.com/ge/blog/georgian-military-highway/,1,89,0.0112,6.03
https://sakhva-travel.com/ge/blog/georgian-wine-guide/,1,90,0.0111,8.51
https://sakhva-travel.com/ge/blog/gifts-from-tbilisi/,1,48,0.0208,7.69
https://sakhva-travel.com/ge/blog/hidden-gems-tbilisi/,1,50,0.02,8.38
https://sakhva-travel.com/ge/blog/hotels-tbilisi/,1,95,0.0105,6.6
https://sakhva-travel.com/ge/blog/kakheti-one-day-trip/,1,43,0.0233,7.23
https://sakhva-travel.com/ge/blog/kazbegi-in-winter/,1,27,0.037,3.67
https://sakhva-travel.com/ge/blog/money-cards-georgia/,1,128,0.0078,6.23
https://sakhva-travel.com/ge/blog/private-guide-cost-tbilisi/,1,43,0.0233,6.93
https://sakhva-travel.com/ge/blog/public-service-hall-georgia/,1,212,0.0047,9.29
https://sakhva-travel.com/ge/blog/saturday-in-tbilisi/,1,34,0.0294,5.59
https://sakhva-travel.com/ge/blog/sim-card-internet-georgia/,1,133,0.0075,7.54
https://sakhva-travel.com/ge/blog/tbilisi-airport-guide/,1,246,0.0041,6.76
https://sakhva-travel.com/ge/blog/tbilisi-batumi-train/#prices,1,486,0.0021,7.19
https://sakhva-travel.com/ge/blog/tbilisi-batumi-train/#schedule,1,572,0.0017,7.19
https://sakhva-travel.com/ge/blog/tbilisi-batumi-train/#tickets,1,235,0.0043,8.26
https://sakhva-travel.com/ge/blog/tbilisi-neighborhoods-where-to-stay/,1,48,0.0208,5.42
https://sakhva-travel.com/ge/blog/tbilisi-nightlife/#shardeni,1,36,0.0278,6.14
https://sakhva-travel.com/ge/blog/tbilisi-prices-2026/,1,160,0.0063,6.38
https://sakhva-travel.com/ge/blog/truso-valley-hike/#how-to-get,1,90,0.0111,5.9
https://sakhva-travel.com/ge/blog/uplistsikhe-cave-city/,1,91,0.011,6.62
https://sakhva-travel.com/ge/egypt/,1,39,0.0256,5.33
https://sakhva-travel.com/ge/ekskursiya/ekskursiya-bakuriani-iz-tbilisi/,1,38,0.0263,7.63
https://sakhva-travel.com/ge/ekskursiya/ekskursiya-batumi-kutaisi/,1,15,0.0667,5.33
https://sakhva-travel.com/ge/ekskursiya/ekskursiya-kanyony-zapadnoy-gruzii/,1,18,0.0556,11.28
https://sakhva-travel.com/ge/ekskursiya/ekskursiya-narikala/,1,51,0.0196,5.98
https://sakhva-travel.com/ge/ekskursiya/ekskursiya-stary-tbilisi/,1,45,0.0222,7.11
https://sakhva-travel.com/ge/ekskursiya/ekskursiya-truso/,1,87,0.0115,6.16
https://sakhva-travel.com/ge/ekskursiya/ekskursiya-tusheti/,1,50,0.02,6.32
https://sakhva-travel.com/ge/ekskursiya/ekskursiya-uplistsikhe-iz-tbilisi/,1,29,0.0345,6.66
https://sakhva-travel.com/ge/ekskursiya/ekskursiya-ureki-iz-tbilisi/,1,167,0.006,7.3
https://sakhva-travel.com/ge/ekskursiya/family-tur-tbilisi/,1,39,0.0256,8.69
https://sakhva-travel.com/ge/ekskursiya/fotosessiya-tbilisi/,1,10,0.1,6.8
https://sakhva-travel.com/ge/ekskursiya/hayking-gveleti-iz-kazbegi/,1,7,0.1429,6.14
https://sakhva-travel.com/ge/ekskursiya/konny-tur-stepantsminda/,1,23,0.0435,6.96
https://sakhva-travel.com/ge/ekskursiya/nochnaya-ekskursiya-tbilisi/,1,42,0.0238,6.6
https://sakhva-travel.com/ge/ekskursiya/transfer-aeroport-tbilisi/,1,38,0.0263,6.13
https://sakhva-travel.com/ge/ekskursiya/tur-gruziya-10-dney/,1,12,0.0833,6
https://sakhva-travel.com/ge/ekskursiya/tur-gruziya-7-dney/,1,67,0.0149,7.58
https://sakhva-travel.com/ge/ekskursiya/tur-gruziya-noviy-god/,1,56,0.0179,5.8
https://sakhva-travel.com/ge/kakheti/,1,88,0.0114,6.48
https://sakhva-travel.com/ge/maldives/,1,156,0.0064,8.96
https://sakhva-travel.com/ge/pogoda/gudauri/,1,4,0.25,17
https://sakhva-travel.com/ge/pogoda/mtskheta-mtianeti/,1,32,0.0312,10.47
https://sakhva-travel.com/ge/private-guide-tbilisi/,1,4,0.25,2.75
https://sakhva-travel.com/ge/racha/,1,233,0.0043,8.48
https://sakhva-travel.com/ge/samtskhe-javakheti/,1,66,0.0152,7.94
https://sakhva-travel.com/ge/tours-from-chelyabinsk/,1,3,0.3333,24.67
https://sakhva-travel.com/ge/tours-from-kislovodsk/,1,23,0.0435,11.74
https://sakhva-travel.com/ge/tours-from-pyatigorsk/,1,17,0.0588,9.76
https://sakhva-travel.com/ge/tours-from-rostov/,1,47,0.0213,8.94
https://sakhva-travel.com/ge/tours-from-saratov/,1,16,0.0625,8.31
https://sakhva-travel.com/ge/tours-from-stavropol/,1,22,0.0455,8.32
https://sakhva-travel.com/ge/tours-from-voronezh/,1,15,0.0667,11.67
https://sakhva-travel.com/ge/turkey/,1,32,0.0312,9.22
https://sakhva-travel.com/ge/tury-na-kazbek/,1,6,0.1667,4
https://sakhva-travel.com/ge/tury-v-batumi/,1,27,0.037,7.48
https://sakhva-travel.com/ge/tury-v-gruziyu-s-detmi/,1,19,0.0526,5.58
https://sakhva-travel.com/gornye-tury-gruzia/,1,29,0.0345,8.17
https://sakhva-travel.com/guria/,1,885,0.0011,8.19
https://sakhva-travel.com/imereti/,1,78,0.0128,8.86
https://sakhva-travel.com/partners/en/,1,19,0.0526,6.16
https://sakhva-travel.com/pogoda/mestia/,1,47,0.0213,7.45
https://sakhva-travel.com/samtskhe-javakheti/,1,88,0.0114,6.7
https://sakhva-travel.com/shida-kartli/,1,972,0.001,7.1
https://sakhva-travel.com/terms/,1,4,0.25,2.5
https://sakhva-travel.com/tury-v-batumi/,1,14,0.0714,9.21
https://sakhva-travel.com/tury-v-gruziyu-iz-pyatigorska/,1,260,0.0038,8.05
https://sakhva-travel.com/tury-v-gruziyu-iz-samary/,1,1,1,3
https://sakhva-travel.com/tury-v-gruziyu-iz-tashkenta/,1,358,0.0028,7.82
https://sakhva-travel.com/tury-v-gruziyu-iz-voronezha/,1,10,0.1,8.1
https://sakhva-travel.com/vietnam/,1,9,0.1111,7.33
https://sakhva-travel.com/vip-tur-v-gruziyu/,1,10,0.1,7.3
https://sakhva-travel.com/abkhazia/,0,15,0,6
https://sakhva-travel.com/about/,0,106,0,5.08
https://sakhva-travel.com/about/saba/,0,14,0,4.43
https://sakhva-travel.com/armenia/,0,10,0,8.2
https://sakhva-travel.com/avtorskie-tury-gruzia/,0,58,0,39.33
https://sakhva-travel.com/blog/,0,67,0,21.57
https://sakhva-travel.com/blog/aeroport-tbilisi/#sposob-1-avtobus-37-1-lari-0-30,0,38,0,7.24
https://sakhva-travel.com/blog/aeroport-tbilisi/#sposob-2-taksi-bolt-15-25-lari-5-8,0,38,0,7.24
https://sakhva-travel.com/blog/arenda-avto-gruziya/,0,128,0,8.42
https://sakhva-travel.com/blog/arenda-kvartiry-tbilisi/#gde-iskat,0,32,0,4.56
https://sakhva-travel.com/blog/arenda-kvartiry-tbilisi/#old-town,0,15,0,7.27
https://sakhva-travel.com/blog/arenda-kvartiry-tbilisi/#rayony,0,19,0,6.53
https://sakhva-travel.com/blog/arenda-kvartiry-tbilisi/#saburtalo,0,37,0,4.76
https://sakhva-travel.com/blog/arenda-kvartiry-tbilisi/#tseny,0,54,0,3.94
https://sakhva-travel.com/blog/arenda-kvartiry-tbilisi/#vera,0,33,0,4.88
https://sakhva-travel.com/blog/basseyny-tbilisi/#akvapark,0,488,0,7.86
https://sakhva-travel.com/blog/basseyny-tbilisi/#basseyny-centr,0,488,0,7.86
https://sakhva-travel.com/blog/basseyny-tbilisi/#besplatno,0,468,0,7.93
https://sakhva-travel.com/blog/basseyny-tbilisi/#za-gorodom,0,467,0,7.85
https://sakhva-travel.com/blog/botanicheskiy-sad-tbilisi,0,1,0,1
https://sakhva-travel.com/blog/botanicheskiy-sad-tbilisi/#ceny,0,206,0,7.87
https://sakhva-travel.com/blog/botanicheskiy-sad-tbilisi/#istoriya,0,199,0,8.09
https://sakhva-travel.com/blog/botanicheskiy-sad-tbilisi/#marshruty,0,194,0,8.06
https://sakhva-travel.com/blog/botanicheskiy-sad-tbilisi/#sezony,0,191,0,8.04
https://sakhva-travel.com/blog/botanicheskiy-sad-tbilisi/#skrytye-tropy,0,191,0,8.04
https://sakhva-travel.com/blog/botanicheskiy-sad-tbilisi/#vhody,0,209,0,7.86
https://sakhva-travel.com/blog/botanicheskiy-sad-tbilisi/#vodopad,0,191,0,8.04
https://sakhva-travel.com/blog/chacha-gruzinskaya/#chto-takoe,0,941,0,6.81
https://sakhva-travel.com/blog/chacha-gruzinskaya/#istoriya,0,883,0,6.81
https://sakhva-travel.com/blog/chacha-gruzinskaya/#iz-chego,0,877,0,6.79
https://sakhva-travel.com/blog/chacha-gruzinskaya/#kak-pit,0,878,0,6.79
https://sakhva-travel.com/blog/chacha-gruzinskaya/#stepeni,0,937,0,6.8
https://sakhva-travel.com/blog/chacha-gruzinskaya/#vidy,0,884,0,6.81
https://sakhva-travel.com/blog/chaevye-v-gruzii/#prinyato,0,324,0,2.9
https://sakhva-travel.com/blog/chaevye-v-gruzii/#restoran,0,324,0,2.9
https://sakhva-travel.com/blog/chernoe-more-georgii/,0,1,0,1
https://sakhva-travel.com/blog/chernoe-more-gruzii,0,13,0,1.23
https://sakhva-travel.com/blog/chernoe-more-gruzii/#gde,0,225,0,8.32
https://sakhva-travel.com/blog/chernoe-more-gruzii/#kurorty,0,200,0,8.28
https://sakhva-travel.com/blog/chernoe-more-gruzii/#pesok-galka,0,201,0,8.34
https://sakhva-travel.com/blog/chernoe-more-gruzii/#sezon,0,220,0,8.3
https://sakhva-travel.com/blog/chto-podarit-iz-tbilisi/#detyam,0,1,0,5
https://sakhva-travel.com/blog/chto-podarit-iz-tbilisi/#gurmanu,0,1,0,5
https://sakhva-travel.com/blog/chto-podarit-iz-tbilisi/#kak-vybrat,0,2,0,8
https://sakhva-travel.com/blog/chto-podarit-iz-tbilisi/#muzhchine,0,1,0,5
https://sakhva-travel.com/blog/chto-podarit-iz-tbilisi/#po-byudzhetu,0,2,0,8
https://sakhva-travel.com/blog/chto-podarit-iz-tbilisi/#zhenshchine,0,1,0,5
https://sakhva-travel.com/blog/chto-posmotret-v-gruzii/,0,5,0,5
https://sakhva-travel.com/blog/chto-privezti-id-gruzii/,0,1,0,1
https://sakhva-travel.com/blog/chto-privezti-iz-gruzii,0,1,0,1
https://sakhva-travel.com/blog/chto-privezti-iz-gruzii-suveniry-i-podarki-20-idei/,0,1,0,1
https://sakhva-travel.com/blog/chto-privezti-iz-gruzii/#%D0%B3%D0%B4%D0%B5-%D0%BF%D0%BE%D0%BA%D1%83%D0%BF%D0%B0%D1%82%D1%8C-%D0%B8-%D0%B3%D0%B4%D0%B5-%D0%BD%D0%B5-%D0%BF%D0%BE%D0%BA%D1%83%D0%BF%D0%B0%D1%82%D1%8C,0,1192,0,8.68
https://sakhva-travel.com/blog/chto-privezti-iz-gruzii/#%D0%B5%D0%B4%D0%B0-%D0%B8-%D0%BD%D0%B0%D0%BF%D0%B8%D1%82%D0%BA%D0%B8-%D0%B3%D0%BB%D0%B0%D0%B2%D0%BD%D0%BE%D0%B5,0,1197,0,8.68
https://sakhva-travel.com/blog/chto-privezti-iz-gruzii/#%D0%BD%D0%B5%D0%BE%D1%87%D0%B5%D0%B2%D0%B8%D0%B4%D0%BD%D0%BE%D0%B5-%D1%87%D1%82%D0%BE-%D0%BD%D0%B5-%D0%B4%D0%BE%D0%B3%D0%B0%D0%B4%D0%B0%D0%B5%D1%82%D0%B5%D1%81%D1%8C-%D0%BA%D1%83%D0%BF%D0%B8%D1%82%D1%8C,0,1164,0,8.71
https://sakhva-travel.com/blog/fabrika-tbilisi/#bary,0,227,0,8.34
https://sakhva-travel.com/blog/fabrika-tbilisi/#chto-takoe-fabrika,0,230,0,8.08
https://sakhva-travel.com/blog/fabrika-tbilisi/#coworking,0,215,0,8.07
https://sakhva-travel.com/blog/fabrika-tbilisi/#hostel,0,246,0,8.39
https://sakhva-travel.com/blog/fabrika-tbilisi/#kak-dobratsya,0,218,0,8.07
https://sakhva-travel.com/blog/fabrika-tbilisi/#sobytiya,0,210,0,8.16
https://sakhva-travel.com/blog/fabrika-tbilisi/#street-art,0,228,0,8.23
https://sakhva-travel.com/blog/gid-tbilisi-vs-gid-gruziya/,0,8,0,7.62
https://sakhva-travel.com/blog/gruzins%D0%BA%D0%BE%D0%B5-zastole,0,1,0,1
https://sakhva-travel.com/blog/gruzinskia-frazy/,0,5,0,1
https://sakhva-travel.com/blog/gruzinskie-frazy/#kafe,0,4735,0,10.24
https://sakhva-travel.com/blog/gruzinskie-frazy/#privet,0,4761,0,10.23
https://sakhva-travel.com/blog/gruzinskie-frazy/#taksi,0,4605,0,10.22
https://sakhva-travel.com/blog/gruzinskie-frazy/#vezhlivost,0,4581,0,10.25
https://sakhva-travel.com/blog/gruzinskie-sladosti/#churchkhela,0,37,0,9.92
https://sakhva-travel.com/blog/gruzinskie-sladosti/#tklapi,0,37,0,9.92
https://sakhva-travel.com/blog/gruzinskie-toasty/,0,2,0,1.5
https://sakhva-travel.com/blog/gruzinskie-tosty/#poryadok,0,189,0,6.32
https://sakhva-travel.com/blog/gruzinskie-tosty/#supra,0,190,0,6.33
https://sakhva-travel.com/blog/gruzinskie-tosty/#tamada,0,192,0,6.59
https://sakhva-travel.com/blog/gruzinskij-alfavit-33-bukvy-s-transkripciej-i-kak-chitat,0,1,0,1
https://sakhva-travel.com/blog/gruzinskij-etiket,0,1,0,1
https://sakhva-travel.com/blog/gruzinskioye-zastolye/,0,1,0,1
https://sakhva-travel.com/blog/gruzinskiy-alfavit,0,5,0,1.2
https://sakhva-travel.com/blog/gruzinskiy-alfavit/#chto-eto,0,4022,0,5.46
https://sakhva-travel.com/blog/gruzinskiy-alfavit/#kak-chitat,0,3927,0,5.44
https://sakhva-travel.com/blog/gruzinskiy-alfavit/#tablica,0,4014,0,5.47
https://sakhva-travel.com/blog/gruzinskiye-frazy/,0,1,0,1
https://sakhva-travel.com/blog/gruzinskkie-frazy/,0,2,0,2.5
https://sakhva-travel.com/blog/gruzinskoe-tosty/,0,2,0,1
https://sakhva-travel.com/blog/gruzinskoe-zastole,0,11,0,2.91
https://sakhva-travel.com/blog/gruzinskoe-zastot,0,1,0,3
https://sakhva-travel.com/blog/gruziya-7-dney/#den1,0,34,0,5.24
https://sakhva-travel.com/blog/gruziya-7-dney/#den3,0,34,0,5.44
https://sakhva-travel.com/blog/gruziya-7-dney/#den4,0,30,0,5.2
https://sakhva-travel.com/blog/gruziya-7-dney/#den5,0,31,0,5.19
https://sakhva-travel.com/blog/gruziya-7-dney/#obzor,0,39,0,5.44
https://sakhva-travel.com/blog/gruziya-com-pitomcem/,0,1,0,1
https://sakhva-travel.com/blog/gruziya-perviy-raz/,0,11,0,5.73
https://sakhva-travel.com/blog/gruziya-s-detmi/#chego-izbegat,0,16,0,8.38
https://sakhva-travel.com/blog/gruziya-s-detmi/#kuda-ekhat-s-detmi,0,26,0,7.73
https://sakhva-travel.com/blog/gruziya-s-detmi/#pochemu-gruziya-semeynyy-ray,0,26,0,7.73
https://sakhva-travel.com/blog/gruziya-samostoyatelno-ili-s-gidom/,0,18,0,9
https://sakhva-travel.com/blog/gruziya-v-mae/#ceny,0,41,0,10.2
https://sakhva-travel.com/blog/gruziya-v-mae/#cvety,0,47,0,10.13
https://sakhva-travel.com/blog/gruziya-v-mae/#marshruty,0,47,0,10.13
https://sakhva-travel.com/blog/gruziya-v-mae/#pogoda,0,50,0,10.18
https://sakhva-travel.com/blog/gruziya-v-mae/#prazdniki,0,44,0,10.25
https://sakhva-travel.com/blog/gruziya-v-sentyabre/#ceny,0,362,0,9.21
https://sakhva-travel.com/blog/gruziya-v-sentyabre/#chto-vzyat,0,386,0,9.17
https://sakhva-travel.com/blog/gruziya-v-sentyabre/#marshruty,0,353,0,9.15
https://sakhva-travel.com/blog/gruziya-v-sentyabre/#pogoda,0,386,0,9.17
https://sakhva-travel.com/blog/gruziya-v-sentyabre/#rtveli,0,330,0,9.18
https://sakhva-travel.com/blog/gruzskie-frazy/,0,1,0,2
https://sakhva-travel.com/blog/istoriya-tbilisi/#1795,0,176,0,10.13
https://sakhva-travel.com/blog/istoriya-tbilisi/#legenda,0,182,0,10.1
https://sakhva-travel.com/blog/istoriya-tbilisi/#nashestviya,0,176,0,10.13
https://sakhva-travel.com/blog/istoriya-tbilisi/#rossiyskaya-imperiya,0,176,0,10.13
https://sakhva-travel.com/blog/istoriya-tbilisi/#shelkoviy-put,0,175,0,10.13
https://sakhva-travel.com/blog/istoriya-tbilisi/#stolitsa,0,185,0,10.1
https://sakhva-travel.com/blog/kak-raspisatsya-v-%D0%B3%D1%80%D1%83%D0%B7%D0%B8%D0%B8/,0,1,0,1
https://sakhva-travel.com/blog/kak-raspisatsya-va-gruzii/,0,1,0,1
https://sakhva-travel.com/blog/kakheti-za-1-den/#distances,0,102,0,9.36
https://sakhva-travel.com/blog/kakheti-za-1-den/#route,0,115,0,9.37
https://sakhva-travel.com/blog/kakheti-za-1-den/#wine,0,91,0,9.32
https://sakhva-travel.com/blog/kakhetia-osenyu/,0,1,0,1
https://sakhva-travel.com/blog/kakhetiya-za-odin-den-iz-tbilisi/,0,1,0,1
https://sakhva-travel.com/blog/kanatnaya-doroga-tbilisi,0,3,0,1
https://sakhva-travel.com/blog/kanatnaya-doroga-tbilisi/#cena,0,751,0,8.4
https://sakhva-travel.com/blog/kanatnaya-doroga-tbilisi/#funikulyor,0,711,0,8.46
https://sakhva-travel.com/blog/kanatnaya-doroga-tbilisi/#glavnoe,0,726,0,8.35
https://sakhva-travel.com/blog/kanatnaya-doroga-tbilisi/#vid,0,716,0,8.48
https://sakhva-travel.com/blog/kanatnaya-doroga-v-tbilisi-kak-dobratsya,0,1,0,1
https://sakhva-travel.com/blog/kanatnaya-doroga-v-tbilisi/,0,4,0,1
https://sakhva-travel.com/blog/kanyon-martvili/#ceny,0,145,0,8.46
https://sakhva-travel.com/blog/kanyon-martvili/#chto-eto,0,169,0,8.8
https://sakhva-travel.com/blog/kanyon-martvili/#kak-dobratsya,0,166,0,8.8
https://sakhva-travel.com/blog/karty-nalichnye-gruziya/#bankomaty,0,773,0,6.19
https://sakhva-travel.com/blog/kazbegi-%D1%87%D1%82%D0%BE-%D0%BF%D0%BE%D1%81%D0%BC%D0%BE%D1%82%D1%80%D0%B5%D1%82%D1%8C-%E2%80%94-%D0%B3%D0%B5%D1%80%D0%B3%D0%B5%D1%82%D1%81%D0%BA%D0%B0%D1%8F-%D1%82%D1%80%D0%BE%D0%B8%D1%86%D0%B0-%D0%B8-%D0%B0%D0%BD%D0%B0%D0%BD%D1%83%D1%80%D0%B8-2026/,0,1,0,1
https://sakhva-travel.com/blog/kazbegi-ili-kakheti/#kakheti,0,24,0,3.54
https://sakhva-travel.com/blog/kazbegi-ili-kakheti/#kazbegi,0,24,0,3.54
https://sakhva-travel.com/blog/kazbegi-ili-kakheti/#sravnenie,0,24,0,3.54
https://sakhva-travel.com/blog/kazbegi-iz-tbilisi-2026/#best-time,0,48,0,8.6
https://sakhva-travel.com/blog/kazbegi-iz-tbilisi-2026/#how,0,54,0,8.56
https://sakhva-travel.com/blog/kazbegi-iz-tbilisi-2026/#prices,0,56,0,8.45
https://sakhva-travel.com/blog/kazbegi-iz-tbilisi-2026/#route,0,54,0,8.35
https://sakhva-travel.com/blog/kazbegi-iz-tbilisi-2026/#what-to-take,0,48,0,8.6
https://sakhva-travel.com/blog/kazbegi-iz-tbilisi-2026/#why,0,64,0,8.28
https://sakhva-travel.com/blog/kazbegi-zimoy/#chto-vzyat,0,13,0,3.46
https://sakhva-travel.com/blog/kazbegi-zimoy/#gergeti,0,13,0,3.46
https://sakhva-travel.com/blog/kazbegi-zimoy/#pereval,0,13,0,3.46
https://sakhva-travel.com/blog/kazbegi-zimoy/#rooms-hotel,0,13,0,3.46
https://sakhva-travel.com/blog/kazbegi-zimoy/#stoit-li,0,15,0,3.33
https://sakhva-travel.com/blog/kazbegi-zimoy/#tseny,0,15,0,3.33
https://sakhva-travel.com/blog/khachapuri-po-adzharski/,0,18,0,7.78
https://sakhva-travel.com/blog/kluby-tbilisi/#bassiani,0,294,0,6.35
https://sakhva-travel.com/blog/kluby-tbilisi/#bilety-tseny,0,296,0,6.32
https://sakhva-travel.com/blog/kluby-tbilisi/#bolshie-kluby,0,297,0,6.35
https://sakhva-travel.com/blog/kluby-tbilisi/#dnevnaya-stsena,0,290,0,6.37
https://sakhva-travel.com/blog/kluby-tbilisi/#kamernye-mesta,0,295,0,6.39
https://sakhva-travel.com/blog/kluby-tbilisi/#pochemu-tbilisi-stolitsa-tehno,0,312,0,6.31
https://sakhva-travel.com/blog/kogda-ekhat-v-kazbegi/#autumn,0,5,0,6.4
https://sakhva-travel.com/blog/kogda-ekhat-v-kazbegi/#spring,0,6,0,6
https://sakhva-travel.com/blog/kogda-ekhat-v-kazbegi/#summer,0,5,0,6
https://sakhva-travel.com/blog/kogda-ekhat-v-kazbegi/#table,0,6,0,6
https://sakhva-travel.com/blog/kogda-ekhat-v-kazbekhi/,0,1,0,1
https://sakhva-travel.com/blog/kurs-lari-k-rublyu/#gde-menyat,0,165,0,9.92
https://sakhva-travel.com/blog/kurs-lari-k-rublyu/#karty,0,135,0,9.9
https://sakhva-travel.com/blog/kurs-lari-k-rublyu/#kurs,0,165,0,9.92
https://sakhva-travel.com/blog/kurs-lari-k-rublyu/#skolko-brat,0,135,0,9.9
https://sakhva-travel.com/blog/kutaisi-iz-tbilisi/,0,57,0,5.84
https://sakhva-travel.com/blog/lagodehskiy-nacionalnyy-park/,0,2,0,1
https://sakhva-travel.com/blog/metro-tbilisi,0,1,0,1
https://sakhva-travel.com/blog/metro-tbilisi/#linii,0,3907,0,7.27
https://sakhva-travel.com/blog/metro-tbilisi/#metromoney,0,3784,0,7.29
https://sakhva-travel.com/blog/metro-tbilisi/#mozaiki,0,3680,0,7.3
https://sakhva-travel.com/blog/metro-tbilisi/#tseny,0,3666,0,7.28
https://sakhva-travel.com/blog/metro-tbilisi/#vremya,0,3680,0,7.26
https://sakhva-travel.com/blog/muzei-tbilisi/#etnograficheskiy,0,79,0,9.78
https://sakhva-travel.com/blog/muzei-tbilisi/#gabriadze,0,85,0,9.69
https://sakhva-travel.com/blog/muzei-tbilisi/#muzey-okkupatsii,0,83,0,9.72
https://sakhva-travel.com/blog/muzei-tbilisi/#natsionalniy-muzey,0,95,0,9.79
https://sakhva-travel.com/blog/muzei-tbilisi/#pirosmani,0,83,0,9.81
https://sakhva-travel.com/blog/muzei-tbilisi/#sokrovishchnitsa,0,79,0,9.78
https://sakhva-travel.com/blog/muzei-tbilisi/#stoit-li-idti,0,98,0,9.74
https://sakhva-travel.com/blog/narikala-tbilisi/#history,0,3,0,11.67
https://sakhva-travel.com/blog/narikala-tbilisi/#how-to-get,0,3,0,11.67
https://sakhva-travel.com/blog/narikala-tbilisi/#views,0,3,0,11.67
https://sakhva-travel.com/blog/nochnoy-tbilisi/#01-00-04-00-kluby-dlya-stoykikh,0,13,0,10
https://sakhva-travel.com/blog/nochnoy-tbilisi/#19-00-21-00-uzhin,0,11,0,10.09
https://sakhva-travel.com/blog/nochnoy-tbilisi/#23-00-01-00-bary,0,14,0,10
https://sakhva-travel.com/blog/noviy-god-v-gruzi/',0,1,0,1
https://sakhva-travel.com/blog/oteli-tbilisi/,0,137,0,10.85
https://sakhva-travel.com/blog/otkryt-schet-v-banke-gruzii/#banks,0,4,0,10
https://sakhva-travel.com/blog/otkryt-schet-v-banke-gruzii/#cost,0,1,0,10
https://sakhva-travel.com/blog/otkryt-schet-v-banke-gruzii/#docs,0,4,0,10
https://sakhva-travel.com/blog/otkryt-schet-v-banke-gruzii/#refusal,0,1,0,10
https://sakhva-travel.com/blog/otkryt-schet-v-banke-gruzii/#steps,0,4,0,10
https://sakhva-travel.com/blog/otkryt-schet-v-banke-gruzii/#transfers,0,1,0,10
https://sakhva-travel.com/blog/perevod-i-zaverenie-dokumentov-v-georgii/,0,1,0,1
https://sakhva-travel.com/blog/poezd-tbilisi-batumi/#bagazh,0,5,0,6.4
https://sakhva-travel.com/blog/poezd-tbilisi-batumi/#bilety,0,5,0,6.4
https://sakhva-travel.com/blog/poezd-tbilisi-batumi/#ceny,0,5,0,6.4
https://sakhva-travel.com/blog/poezd-tbilisi-batumi/#mesta,0,6,0,6.67
https://sakhva-travel.com/blog/poezd-tbilisi-batumi/#raspisanie,0,6,0,6.67
https://sakhva-travel.com/blog/poezd-tbilisi-batumi/#v-poezde,0,5,0,6.4
https://sakhva-travel.com/blog/pyatnica-v-tbilisi/#bary-muzyka,0,4,0,8
https://sakhva-travel.com/blog/pyatnica-v-tbilisi/#chem-otlichaetsya,0,4,0,8
https://sakhva-travel.com/blog/pyatnica-v-tbilisi/#klubnaya-noch,0,4,0,8
https://sakhva-travel.com/blog/pyatnica-v-tbilisi/#ranniy-vecher,0,4,0,8
https://sakhva-travel.com/blog/pyatnica-v-tbilisi/#uzhin,0,4,0,8
https://sakhva-travel.com/blog/rayony-tbilisi-gde-ostanovitsya,0,1,0,1
https://sakhva-travel.com/blog/registratsiya-kompanii-v-gruzii/,0,143,0,25.86
https://sakhva-travel.com/blog/restorany-tbilisi/#%D0%B3%D0%B4%D0%B5-%D0%B5%D1%81%D1%82%D1%8C-%D0%B2%D1%81%D1%91-%D0%BE%D1%81%D1%82%D0%B0%D0%BB%D1%8C%D0%BD%D0%BE%D0%B5,0,938,0,10.83
https://sakhva-travel.com/blog/restorany-tbilisi/#%D0%B3%D0%B4%D0%B5-%D0%B5%D1%81%D1%82%D1%8C-%D1%85%D0%B0%D1%87%D0%B0%D0%BF%D1%83%D1%80%D0%B8,0,925,0,10.87
https://sakhva-travel.com/blog/restorany-tbilisi/#%D0%B3%D0%B4%D0%B5-%D0%B7%D0%B0%D0%B2%D1%82%D1%80%D0%B0%D0%BA%D0%B0%D1%82%D1%8C,0,922,0,10.86
https://sakhva-travel.com/blog/restorany-tbilisi/#%D0%B3%D0%B4%D0%B5-%D0%BF%D0%B8%D1%82%D1%8C-%D0%B2%D0%B8%D0%BD%D0%BE-%D0%BD%D0%B5-%D0%B2-%D1%80%D0%B5%D1%81%D1%82%D0%BE%D1%80%D0%B0%D0%BD%D0%B5,0,861,0,10.92
https://sakhva-travel.com/blog/rouming-v-gruzii/#beeline,0,565,0,7.21
https://sakhva-travel.com/blog/rouming-v-gruzii/#megafon,0,579,0,7.16
https://sakhva-travel.com/blog/rouming-v-gruzii/#mts,0,631,0,7.35
https://sakhva-travel.com/blog/rouming-v-gruzii/#skolko,0,662,0,7.27
https://sakhva-travel.com/blog/rouming-v-gruzii/#tele2,0,566,0,7.21
https://sakhva-travel.com/blog/rouming-v-gruziyu/,0,1,0,1
https://sakhva-travel.com/blog/ru/tbilisi-za-1-den/,0,1,0,1
https://sakhva-travel.com/blog/russkoyazychny-gid-tbilisi/,0,3,0,8
https://sakhva-travel.com/blog/sernye-bani-tbilisi/#history,0,103,0,8.26
https://sakhva-travel.com/blog/sernye-bani-tbilisi/#how,0,88,0,8.07
https://sakhva-travel.com/blog/sernye-bani-tbilisi/#kese,0,104,0,8.27
https://sakhva-travel.com/blog/sernye-bani-tbilisi/#prices,0,92,0,8.04
https://sakhva-travel.com/blog/sernye-bani-tbilisi/#tips,0,88,0,8.07
https://sakhva-travel.com/blog/sernye-bani-tbilisi/#where,0,101,0,8.31
https://sakhva-travel.com/blog/sernye-bans-tbilisi/,0,1,0,1
https://sakhva-travel.com/blog/skolko-stoit-otdyh-v-gruzii/#budget3,0,111,0,9.06
https://sakhva-travel.com/blog/skolko-stoit-otdyh-v-gruzii/#eda,0,115,0,9.06
https://sakhva-travel.com/blog/skolko-stoit-otdyh-v-gruzii/#ekskursii,0,103,0,8.98
https://sakhva-travel.com/blog/skolko-stoit-otdyh-v-gruzii/#kurs,0,110,0,8.93
https://sakhva-travel.com/blog/skolko-stoit-otdyh-v-gruzii/#svyaz,0,102,0,8.97
https://sakhva-travel.com/blog/skolko-stoit-otdyh-v-gruzii/#transport,0,112,0,9.03
https://sakhva-travel.com/blog/skolko-stoit-otdyh-v-gruzii/#zhilyo,0,104,0,8.93
https://sakhva-travel.com/blog/skrytye-mesta-tbilisi/#intro,0,23,0,6.78
https://sakhva-travel.com/blog/skrytye-mesta-tbilisi/#places,0,23,0,6.78
https://sakhva-travel.com/blog/skrytye-mesta-tbilisi/#route-tip,0,22,0,7
https://sakhva-travel.com/blog/sovetskiy-tbilisi/,0,25,0,5.72
https://sakhva-travel.com/blog/strahovka-v-gruziyu/#checklist,0,68,0,9.91
https://sakhva-travel.com/blog/strahovka-v-gruziyu/#chto-izmenilos,0,68,0,9.91
https://sakhva-travel.com/blog/strahovka-v-gruziyu/#gde-kupit,0,78,0,9.95
https://sakhva-travel.com/blog/strahovka-v-gruziyu/#green-card,0,71,0,9.89
https://sakhva-travel.com/blog/strahovka-v-gruziyu/#komu-nuzhna,0,79,0,9.94
https://sakhva-travel.com/blog/strahovka-v-gruziyu/#medicina,0,70,0,9.93
https://sakhva-travel.com/blog/strahovka-v-gruziyu/#trebovaniya,0,68,0,9.91
https://sakhva-travel.com/blog/svyaz-i-internet-v-gruzii,0,1,0,1
https://sakhva-travel.com/blog/svyaz-i-internet-v-gruzii/#esim,0,121,0,8.31
https://sakhva-travel.com/blog/svyaz-i-internet-v-gruzii/#operatory,0,115,0,8.26
https://sakhva-travel.com/blog/svyaz-i-internet-v-gruzii/#pokrytie,0,107,0,8.21
https://sakhva-travel.com/blog/svyaz-i-internet-v-gruzii/#sim,0,122,0,8.22
https://sakhva-travel.com/blog/svyaz-i-internet-v-gruzii/#sravnenie,0,110,0,8.17
https://sakhva-travel.com/blog/t%D0%B1%D0%B8%D0%BB%D0%B8%D1%81%D0%BE%D0%B1%D0%B0/,0,5,0,1.2
https://sakhva-travel.com/blog/taksi-tbilisi/#prilozheniya,0,59,0,10.36
https://sakhva-travel.com/blog/taksi-tbilisi/#tseny,0,59,0,10.36
https://sakhva-travel.com/blog/tbilisi-besplatno/#1-krepost-narikala-1600-let-0-lari,0,8,0,4.5
https://sakhva-travel.com/blog/tbilisi-besplatno/#2-dvory-kolodtsy-ves-gorod-kak-muzey,0,9,0,5.11
https://sakhva-travel.com/blog/tbilisi-besplatno/#5-vse-khramy-i-tserkvi-besplatno,0,8,0,4.5
https://sakhva-travel.com/blog/tbilisi-besplatno/#9-rynok-dezertirka-aromaterapiya-besplatno,0,9,0,5.11
https://sakhva-travel.com/blog/tbilisi-dlya-relokantov/#context,0,19,0,4.95
https://sakhva-travel.com/blog/tbilisi-dlya-relokantov/#districts,0,15,0,5
https://sakhva-travel.com/blog/tbilisi-dlya-relokantov/#gap,0,18,0,5.06
https://sakhva-travel.com/blog/tbilisi-dlya-relokantov/#places,0,16,0,4.88
https://sakhva-travel.com/blog/tbilisi-dostoprimechatelnosti/,0,1,0,1
https://sakhva-travel.com/blog/tbilisi-v-dozhd/#%D0%B5%D1%89%D1%91-10-%D0%B8%D0%B4%D0%B5%D0%B9,0,246,0,3.83
https://sakhva-travel.com/blog/tbilisi-v-dozhd/#%D1%82%D0%BE%D0%BF-5-%D0%B5%D1%81%D0%BB%D0%B8-%D0%B2%D1%80%D0%B5%D0%BC%D0%B5%D0%BD%D0%B8-%D0%BC%D0%B0%D0%BB%D0%BE,0,272,0,3.8
https://sakhva-travel.com/blog/tbilisi-v-dozhd/#po-rayonam,0,251,0,3.85
https://sakhva-travel.com/blog/tbilisi-v-dozhd/#pochemu-dozhd-ne-prikaz,0,265,0,3.78
https://sakhva-travel.com/blog/tbilisi-za-3-dnya/#den1,0,25,0,9.16
https://sakhva-travel.com/blog/tbilisi-za-3-dnya/#den2,0,33,0,8.67
https://sakhva-travel.com/blog/tbilisi-za-3-dnya/#den3,0,24,0,8.25
https://sakhva-travel.com/blog/tbilisi-za-3-dnya/#gde-zhit,0,24,0,8.88
https://sakhva-travel.com/blog/tbilisoba,0,2,0,1
https://sakhva-travel.com/blog/tbilisoba/#istoriya,0,2486,0,4.79
https://sakhva-travel.com/blog/tbilisoba/#kogda,0,2710,0,4.74
https://sakhva-travel.com/blog/tbilisoba/#programma,0,2438,0,4.78
https://sakhva-travel.com/blog/tbilisskoe-ozero/#ceny-2026,0,129,0,7.31
https://sakhva-travel.com/blog/tbilisskoe-ozero/#cherepashye-ozero,0,130,0,7.32
https://sakhva-travel.com/blog/tbilisskoe-ozero/#lisi-ozero,0,129,0,7.31
https://sakhva-travel.com/blog/tbilisskoe-ozero/#pochemu-ozera,0,116,0,7.22
https://sakhva-travel.com/blog/tbilisskoe-ozero/#sekretnye-mesta,0,116,0,7.22
https://sakhva-travel.com/blog/tbilisskoe-ozero/#sravnenie,0,117,0,7.23
https://sakhva-travel.com/blog/termalnye-istochniki-dzhou-gruzii-kuda-ekhat,0,1,0,5
https://sakhva-travel.com/blog/termalnye-istocniki-gruzii/,0,1,0,1
https://sakhva-travel.com/blog/termalnyh-istochnikov-gruzii/,0,2,0,3
https://sakhva-travel.com/blog/tseny-v-tbilisi-2026/#eda,0,65,0,10.08
https://sakhva-travel.com/blog/tseny-v-tbilisi-2026/#ekskursii,0,60,0,10.08
https://sakhva-travel.com/blog/tseny-v-tbilisi-2026/#intro,0,58,0,10.1
https://sakhva-travel.com/blog/tseny-v-tbilisi-2026/#transport,0,60,0,10.12
https://sakhva-travel.com/blog/tseny-v-tbilisi-2026/#valyuta,0,58,0,10.03
https://sakhva-travel.com/blog/tseny-v-tbilisi-2026/#zhilye,0,57,0,10.09
https://sakhva-travel.com/blog/tskaltubo/#baths,0,17,0,7
https://sakhva-travel.com/blog/tskaltubo/#how,0,19,0,7.16
https://sakhva-travel.com/blog/tskaltubo/#nearby,0,17,0,7
https://sakhva-travel.com/blog/tskaltubo/#practical,0,17,0,7
https://sakhva-travel.com/blog/tskaltubo/#sanatoriums,0,19,0,7.16
https://sakhva-travel.com/blog/tskaltubo/#why,0,19,0,7.16
https://sakhva-travel.com/blog/tury-v-batumi-2026/#around,0,63,0,7.48
https://sakhva-travel.com/blog/tury-v-batumi-2026/#how,0,63,0,7.48
https://sakhva-travel.com/blog/tury-v-batumi-2026/#prices,0,69,0,7.68
https://sakhva-travel.com/blog/tury-v-batumi-2026/#sights,0,69,0,7.68
https://sakhva-travel.com/blog/tury-v-batumi-2026/#why,0,63,0,7.48
https://sakhva-travel.com/blog/tury-v-borzhomi-2026/#canyon,0,60,0,8.9
https://sakhva-travel.com/blog/tury-v-borzhomi-2026/#park,0,67,0,8.97
https://sakhva-travel.com/blog/tury-v-borzhomi-2026/#why,0,67,0,8.97
https://sakhva-travel.com/blog/tury-v-kakheti-2026/,0,21,0,5.33
https://sakhva-travel.com/blog/tury-v-tbilisi-2026/,0,34,0,8.56
https://sakhva-travel.com/blog/uplistsikhe/,0,4,0,5.75
https://sakhva-travel.com/blog/ureki-plyazh/#chem-zanyatsya,0,1042,0,9.07
https://sakhva-travel.com/blog/ureki-plyazh/#deti,0,1145,0,9.08
https://sakhva-travel.com/blog/ureki-plyazh/#kak-dobratsya,0,1041,0,9.07
https://sakhva-travel.com/blog/ureki-plyazh/#vs-batumi,0,1066,0,9.04
https://sakhva-travel.com/blog/ureki-plyazh/#zhilyo,0,1041,0,9.07
https://sakhva-travel.com/blog/vardzia/#how,0,129,0,9.4
https://sakhva-travel.com/blog/vardzia/#route,0,133,0,9.32
https://sakhva-travel.com/blog/vardzia/#what,0,133,0,9.37
https://sakhva-travel.com/blog/veganskaya-eda-v-georgii/,0,1,0,1
https://sakhva-travel.com/blog/viza-v-gruziyu-2026/,0,375,0,7.84
https://sakhva-travel.com/blog/voenno-gruzinskaya-doroga/,0,4,0,5.75
https://sakhva-travel.com/blog/zagranpasport-v-gruziyu,0,1,0,1
https://sakhva-travel.com/blog/zagranpasport-v-gruziyu/#aeroport,0,2,0,5.5
https://sakhva-travel.com/blog/zagranpasport-v-gruziyu/#bezviz,0,2,0,5.5
https://sakhva-travel.com/blog/zagranpasport-v-gruziyu/#intro,0,2,0,5.5
https://sakhva-travel.com/blog/zagranpasport-v-gruziyu/#lars,0,2,0,5.5
https://sakhva-travel.com/blog/zagranpasport-v-gruziyu/#pograncontrol,0,2,0,5.5
https://sakhva-travel.com/blog/zagranpasport-v-gruziyu/#registracia,0,2,0,5.5
https://sakhva-travel.com/blog/zagranpasport-v-gruziyu/#trebovaniya,0,2,0,5.5
https://sakhva-travel.com/cyprus/,0,12,0,7.58
https://sakhva-travel.com/egypt/,0,13,0,5.62
https://sakhva-travel.com/ekskursionnye-tury-v-gruziyu/,0,4,0,6.5
https://sakhva-travel.com/ekskursiya/chacha-master-klass/,0,18,0,5
https://sakhva-travel.com/ekskursiya/ekskursii-iz-batumi/,0,12,0,8.25
https://sakhva-travel.com/ekskursiya/ekskursiya-ananuri-iz-tbilisi/,0,47,0,8.04
https://sakhva-travel.com/ekskursiya/ekskursiya-bakuriani-iz-tbilisi/,0,19,0,7.32
https://sakhva-travel.com/ekskursiya/ekskursiya-david-gareji/,0,10,0,6.1
https://sakhva-travel.com/ekskursiya/ekskursiya-gudauri-iz-tbilisi/,0,16,0,7.19
https://sakhva-travel.com/ekskursiya/ekskursiya-hevsuretia-shatili/,0,19,0,22.79
https://sakhva-travel.com/ekskursiya/ekskursiya-kazbegi-iz-tbilisi/,0,209,0,31.87
https://sakhva-travel.com/ekskursiya/ekskursiya-mtatsminda/,0,108,0,7.19
https://sakhva-travel.com/ekskursiya/ekskursiya-narikala/,0,64,0,8.48
https://sakhva-travel.com/ekskursiya/ekskursiya-truso/,0,12,0,5.83
https://sakhva-travel.com/ekskursiya/ekskursiya-uplistsikhe-iz-tbilisi/,0,91,0,11.58
https://sakhva-travel.com/ekskursiya/family-tur-tbilisi/,0,2,0,5
https://sakhva-travel.com/ekskursiya/fotosessiya-tbilisi/,0,5,0,6.8
https://sakhva-travel.com/ekskursiya/gruppa-10-chelovek-tbilisi/,0,11,0,12.55
https://sakhva-travel.com/ekskursiya/hayking-truso-iz-kazbegi/,0,29,0,6.83
https://sakhva-travel.com/ekskursiya/khachapuri-master-klass/,0,8,0,6.62
https://sakhva-travel.com/ekskursiya/korporativniy-tur-tbilisi/,0,37,0,19.14
https://sakhva-travel.com/ekskursiya/kvevri-vino-tur/,0,41,0,5.66
https://sakhva-travel.com/ekskursiya/pohod-v-gory-gruzia/,0,47,0,34.81
https://sakhva-travel.com/ekskursiya/priklyuchencheskiy-tur-gruziya/,0,22,0,23.86
https://sakhva-travel.com/ekskursiya/romanticheskiy-tur-tbilisi/,0,12,0,7.75
https://sakhva-travel.com/ekskursiya/shopping-tur-tbilisi/,0,78,0,26.55
https://sakhva-travel.com/ekskursiya/transfer-aeroport-tbilisi/,0,11,0,30.55
https://sakhva-travel.com/ekskursiya/tur-dlya-detey-tbilisi/,0,5,0,4.4
https://sakhva-travel.com/ekskursiya/tur-gruziya-10-dney/,0,4,0,7
https://sakhva-travel.com/ekskursiya/tur-gruziya-3-dnya/,0,36,0,8.06
https://sakhva-travel.com/ekskursiya/tur-gruziya-5-dney/,0,10,0,17.9
https://sakhva-travel.com/ekskursiya/tur-gruziya-7-dney/,0,54,0,32.33
https://sakhva-travel.com/ekskursiya/tur-gruziya-armeniya/,0,3,0,9
https://sakhva-travel.com/ekskursiya/tur-gruziya-leto/,0,16,0,5.5
https://sakhva-travel.com/ekskursiya/tur-po-hramam-tbilisi/,0,31,0,10.35
https://sakhva-travel.com/ekskursiya/tur-svaneti-4-dnya/,0,8,0,5.88
https://sakhva-travel.com/ekskursiya/tur-vsya-gruziya/,0,12,0,21.58
https://sakhva-travel.com/ekskursiya/ushguli-iz-mestii/,0,10,0,5.1
https://sakhva-travel.com/ekskursiya/vinniy-tur-tbilisi/,0,12,0,32
https://sakhva-travel.com/en-IN/blog/georgia-7-day-itinerary/,0,1,0,1
https://sakhva-travel.com/en/adjara/,0,101,0,8.62
https://sakhva-travel.com/en/armenia/,0,4,0,5.75
https://sakhva-travel.com/en/azerbaijan/,0,16,0,10.75
https://sakhva-travel.com/en/blog/Georgia,0,1,0,1
https://sakhva-travel.com/en/blog/adjarian-khachapuri-guide/,0,88,0,7.49
"https://sakhva-travel.com/en/blog/batumi-from-t/',",0,1,0,1
https://sakhva-travel.com/en/blog/batumi-from-tbilisi/#adjara-mountains,0,135,0,9.04
https://sakhva-travel.com/en/blog/batumi-from-tbilisi/#batumi-food,0,136,0,9.03
https://sakhva-travel.com/en/blog/batumi-from-tbilisi/#batumi-neighbourhoods,0,135,0,9.04
https://sakhva-travel.com/en/blog/batumi-from-tbilisi/#how-to-get,0,236,0,8.83
https://sakhva-travel.com/en/blog/batumi-from-tbilisi/#is-it-worth-it,0,140,0,8.94
https://sakhva-travel.com/en/blog/batumi-from-tbilisi/#two-day-itinerary,0,232,0,8.85
https://sakhva-travel.com/en/blog/batumi-from-tvilisi/,0,1,0,3
https://sakhva-travel.com/en/blog/batumi-georgia/,0,1,0,1
https://sakhva-travel.com/en/blog/batumi/batumi-from-tbilisi/,0,1,0,1
https://sakhva-travel.com/en/blog/best-nit-visit-kazbegi/,0,1,0,1
https://sakhva-travel.com/en/blog/best-restaurants-tbilisi/#tbilisi-rule,0,15,0,10.27
https://sakhva-travel.com/en/blog/best-restaurants-tbilisi/#where-to-drink-wine,0,15,0,10.27
https://sakhva-travel.com/en/blog/best-restaurants-tbilisi/#where-to-eat-everything-else,0,15,0,10.27
https://sakhva-travel.com/en/blog/best-restaurants-tbilisi/#where-to-eat-khachapuri,0,15,0,10.27
https://sakhva-travel.com/en/blog/best-restaurants-tbilisi/#where-to-eat-khinkali,0,15,0,10.27
https://sakhva-travel.com/en/blog/best-restaurants-tbilisi/#where-to-have-breakfast,0,15,0,10.27
https://sakhva-travel.com/en/blog/best-time-visit-akazbegi/,0,1,0,1
https://sakhva-travel.com/en/blog/best-time-visit-georgia/,0,61,0,7.51
https://sakhva-travel.com/en/blog/best-time-visit-kazbegi,0,3,0,1
https://sakhva-travel.com/en/blog/best-time-visit-kolcheti/,0,1,0,1
https://sakhva-travel.com/en/blog/best-time-visit/,0,1,0,1
https://sakhva-travel.com/en/blog/best-visit-kazbegi,0,1,0,1
https://sakhva-travel.com/en/blog/best-visit-kazbegi-georgia-travel-guide-tips/,0,1,0,1
https://sakhva-travel.com/en/blog/best-visit-kazbegi/,0,5,0,1
https://sakhva-travel.com/en/blog/black-sea-coast-of-georgia-resorts-beaches-2026,0,1,0,1
https://sakhva-travel.com/en/blog/borjomi-complete-guide/#bakuriani,0,16,0,6.56
https://sakhva-travel.com/en/blog/borjomi-complete-guide/#gorge,0,37,0,5.65
https://sakhva-travel.com/en/blog/borjomi-complete-guide/#park,0,41,0,5.68
https://sakhva-travel.com/en/blog/borjomi-complete-guide/#routes,0,15,0,6.67
https://sakhva-travel.com/en/blog/borjomi-complete-guide/#springs,0,20,0,6.45
https://sakhva-travel.com/en/blog/borjomi-from-tbilisi,0,1,0,1
https://sakhva-travel.com/en/blog/borjomi-from-tbilisi/#how,0,24,0,7.12
https://sakhva-travel.com/en/blog/borjomi-from-tbilisi/#park,0,27,0,6.74
https://sakhva-travel.com/en/blog/borjomi-from-tbilisi/#route,0,39,0,6.15
https://sakhva-travel.com/en/blog/borjomi-from-tbilisi/#why,0,44,0,6.11
https://sakhva-travel.com/en/blog/botanical-garden-tbilisi/#entrances,0,273,0,9.1
https://sakhva-travel.com/en/blog/botanical-garden-tbilisi/#hidden-trails,0,237,0,9.84
https://sakhva-travel.com/en/blog/botanical-garden-tbilisi/#history,0,375,0,7.98
https://sakhva-travel.com/en/blog/botanical-garden-tbilisi/#prices,0,411,0,7.53
https://sakhva-travel.com/en/blog/botanical-garden-tbilisi/#routes,0,276,0,9.12
https://sakhva-travel.com/en/blog/botanical-garden-tbilisi/#seasons,0,249,0,9.53
https://sakhva-travel.com/en/blog/botanical-garden-tbilisi/#waterfall,0,252,0,9.46
https://sakhva-travel.com/en/blog/company-registration-georgia/,0,120,0,6.93
https://sakhva-travel.com/en/blog/david-gareja-guide/,0,1,0,1
https://sakhva-travel.com/en/blog/david-gareja-monastery/#border,0,340,0,8.49
https://sakhva-travel.com/en/blog/david-gareja-monastery/#desert-landscape,0,168,0,9.58
https://sakhva-travel.com/en/blog/david-gareja-monastery/#how-to-get,0,410,0,8.81
https://sakhva-travel.com/en/blog/david-gareja-monastery/#tour-price,0,250,0,9.3
https://sakhva-travel.com/en/blog/david-gareja-monastery/#udabno-hike,0,190,0,8.97
https://sakhva-travel.com/en/blog/david-gareja-monastery/#what-is,0,355,0,8.49
https://sakhva-travel.com/en/blog/document-translation-notary-georgia/,0,138,0,6.74
https://sakhva-travel.com/en/blog/fabrika-tbilisi-guide/#bars,0,69,0,8.09
https://sakhva-travel.com/en/blog/fabrika-tbilisi-guide/#coworking,0,47,0,9.04
https://sakhva-travel.com/en/blog/fabrika-tbilisi-guide/#events,0,41,0,10
https://sakhva-travel.com/en/blog/fabrika-tbilisi-guide/#hostel,0,69,0,8.09
https://sakhva-travel.com/en/blog/fabrika-tbilisi-guide/#street-art,0,41,0,10
https://sakhva-travel.com/en/blog/fabrika-tbilisi-guide/#what-is,0,63,0,8.62
https://sakhva-travel.com/en/blog/free-things-tbilisi/#churches,0,2,0,11.5
https://sakhva-travel.com/en/blog/free-things-tbilisi/#courtyards,0,2,0,11.5
https://sakhva-travel.com/en/blog/free-things-tbilisi/#dezerterka,0,2,0,11.5
https://sakhva-travel.com/en/blog/free-things-tbilisi/#narikala,0,2,0,11.5
https://sakhva-travel.com/en/blog/friday-in-tbilisi/#bars,0,32,0,5.78
https://sakhva-travel.com/en/blog/friday-in-tbilisi/#club-night,0,33,0,5.67
https://sakhva-travel.com/en/blog/friday-in-tbilisi/#dinner,0,31,0,5.61
https://sakhva-travel.com/en/blog/friday-in-tbilisi/#early,0,31,0,5.61
https://sakhva-travel.com/en/blog/friday-in-tbilisi/#vs-weekday,0,32,0,5.5
https://sakhva-travel.com/en/blog/georgia-7-day-itinerary,0,2,0,2
https://sakhva-travel.com/en/blog/georgia-7-day-itinerary/#day1,0,4,0,5.75
https://sakhva-travel.com/en/blog/georgia-7-day-itinerary/#day2,0,1,0,4
https://sakhva-travel.com/en/blog/georgia-7-day-itinerary/#day3,0,1,0,4
https://sakhva-travel.com/en/blog/georgia-7-day-itinerary/#day4,0,1,0,4
https://sakhva-travel.com/en/blog/georgia-7-day-itinerary/#day5,0,6,0,4.33
https://sakhva-travel.com/en/blog/georgia-7-day-itinerary/#day6,0,3,0,2.33
https://sakhva-travel.com/en/blog/georgia-7-day-itinerary/#overview,0,6,0,4.33
https://sakhva-travel.com/en/blog/georgia-budget-travel/,0,131,0,9.34
https://sakhva-travel.com/en/blog/georgia-first-time-tips/,0,33,0,7.36
https://sakhva-travel.com/en/blog/georgia-in-may,0,1,0,1
https://sakhva-travel.com/en/blog/georgia-in-may/#blooms,0,70,0,9.09
https://sakhva-travel.com/en/blog/georgia-in-may/#holidays,0,92,0,8.91
https://sakhva-travel.com/en/blog/georgia-in-may/#prices,0,70,0,9.09
https://sakhva-travel.com/en/blog/georgia-in-may/#routes,0,70,0,9.09
https://sakhva-travel.com/en/blog/georgia-in-may/#weather,0,92,0,8.91
https://sakhva-travel.com/en/blog/georgia-in-september,0,10,0,1.6
https://sakhva-travel.com/en/blog/georgia-in-september-weather-wine-harvest-routes,0,1,0,1
https://sakhva-travel.com/en/blog/georgia-in-september-weather-wine-harvest-routes/,0,1,0,1
https://sakhva-travel.com/en/blog/georgia-in-september/#routes,0,4616,0,7.57
https://sakhva-travel.com/en/blog/georgia-in-september/#rtveli,0,2885,0,8.25
https://sakhva-travel.com/en/blog/georgia-in-september/#weather,0,3224,0,8.09
https://sakhva-travel.com/en/blog/georgia-in-winter,0,1,0,1
https://sakhva-travel.com/en/blog/georgia-in-winter-skiing-sulfur-baths-tbilisi-without-crowds/,0,1,0,1
https://sakhva-travel.com/en/blog/georgia-in-winter-sulfur-baths-fewer-crowds,0,1,0,1
https://sakhva-travel.com/en/blog/georgia-in-winter/#kazbegi-winter,0,5,0,6
https://sakhva-travel.com/en/blog/georgia-in-winter/#new-year,0,5,0,6
https://sakhva-travel.com/en/blog/georgia-in-winter/#tbilisi-winter,0,5,0,6
https://sakhva-travel.com/en/blog/georgia-requirements/,0,1,0,1
https://sakhva-travel.com/en/blog/georgia-trip-cost,0,1,0,1
https://sakhva-travel.com/en/blog/georgia-with-kids/#destinations,0,4,0,9.5
https://sakhva-travel.com/en/blog/georgia-with-kids/#tbilisi-kids,0,8,0,8.62
https://sakhva-travel.com/en/blog/georgia-with-kids/#why-georgia,0,8,0,8.62
https://sakhva-travel.com/en/blog/georgian-alphabet-guide/,0,1,0,2
https://sakhva-travel.com/en/blog/georgian-alphabet/#reading,0,50,0,8.5
https://sakhva-travel.com/en/blog/georgian-alphabet/#table,0,56,0,8.25
https://sakhva-travel.com/en/blog/georgian-alphabet/#three,0,62,0,8.44
https://sakhva-travel.com/en/blog/georgian-alphabet/#what,0,68,0,8.24
https://sakhva-travel.com/en/blog/georgian-alphabete/,0,1,0,1
https://sakhva-travel.com/en/blog/georgian-food-guide/,0,96,0,7.15
https://sakhva-travel.com/en/blog/georgian-lari-exchange-rate/,0,2606,0,7.02
https://sakhva-travel.com/en/blog/georgian-supra/,0,1,0,1
https://sakhva-travel.com/en/blog/georgian-toast/,0,1,0,1
https://sakhva-travel.com/en/blog/georgian-toasts/#12-toasts,0,4,0,6.75
https://sakhva-travel.com/en/blog/georgian-toasts/#order,0,4,0,6.75
https://sakhva-travel.com/en/blog/georgian-toasts/#supra,0,4,0,6.75
https://sakhva-travel.com/en/blog/georgian-toasts/#tamada,0,4,0,6.75
https://sakhva-travel.com/en/blog/georgian-travel-blog/,0,1,0,1
https://sakhva-travel.com/en/blog/georgian-travel/,0,1,0,4
https://sakhva-travel.com/en/blog/georgian-wine-guide,0,2,0,1
https://sakhva-travel.com/en/blog/georgva-in-september/,0,1,0,1
https://sakhva-travel.com/en/blog/gi-in-september,0,1,0,1
https://sakhva-travel.com/en/blog/gifts-from-tbilisi/#by-budget,0,51,0,5.37
https://sakhva-travel.com/en/blog/gifts-from-tbilisi/#foodie,0,45,0,5.64
https://sakhva-travel.com/en/blog/gifts-from-tbilisi/#for-her,0,53,0,5.42
https://sakhva-travel.com/en/blog/gifts-from-tbilisi/#for-him,0,49,0,5.55
https://sakhva-travel.com/en/blog/gifts-from-tbilisi/#how-to-pick,0,51,0,5.53
https://sakhva-travel.com/en/blog/gifts-from-tbilisi/#kids-friends,0,45,0,5.64
https://sakhva-travel.com/en/blog/gori-uplistsikhe-guide/#fortress,0,126,0,8.76
https://sakhva-travel.com/en/blog/gori-uplistsikhe-guide/#stalin,0,141,0,8.84
https://sakhva-travel.com/en/blog/gori-uplistsikhe-guide/#uplistsikhe,0,142,0,8.82
https://sakhva-travel.com/en/blog/history-of-tbilisi/#1795,0,22,0,9.36
https://sakhva-travel.com/en/blog/history-of-tbilisi/#capital,0,24,0,9.38
https://sakhva-travel.com/en/blog/history-of-tbilisi/#invasions,0,23,0,9.3
https://sakhva-travel.com/en/blog/history-of-tbilisi/#legend,0,23,0,9.43
https://sakhva-travel.com/en/blog/history-of-tbilisi/#russian-empire,0,22,0,9.36
https://sakhva-travel.com/en/blog/history-of-tbilisi/#silk-road,0,22,0,9.36
https://sakhva-travel.com/en/blog/history-of-tifiably,0,1,0,1
https://sakhva-travel.com/en/blog/kakheti-complete-guide/#routes,0,5,0,10.8
https://sakhva-travel.com/en/blog/kakheti-complete-guide/#sights,0,5,0,10.8
https://sakhva-travel.com/en/blog/kakheti-complete-guide/#why,0,5,0,10.8
https://sakhva-travel.com/en/blog/kakheti-complete-guide/#wineries,0,5,0,10.8
https://sakhva-travel.com/en/blog/kakheti-in-authorization,0,1,0,1
https://sakhva-travel.com/en/blog/kakheti-in-autumn,0,1,0,1
https://sakhva-travel.com/en/blog/kakheti-one-day-trip/#distances,0,374,0,6.97
https://sakhva-travel.com/en/blog/kakheti-one-day-trip/#marani,0,332,0,6.85
https://sakhva-travel.com/en/blog/kakheti-one-day-trip/#qvevri,0,329,0,6.86
https://sakhva-travel.com/en/blog/kakheti-one-day-trip/#route,0,377,0,6.95
https://sakhva-travel.com/en/blog/kakheti-one-day-trip/#why-kakheti,0,377,0,6.95
https://sakhva-travel.com/en/blog/kakheti-wine-tour/#distances,0,1,0,8
https://sakhva-travel.com/en/blog/kakheti-wine-tour/#route,0,1,0,8
https://sakhva-travel.com/en/blog/kakheti-wine-tour/#why,0,1,0,8
https://sakhva-travel.com/en/blog/kakheti-wine-tour/#wine,0,1,0,8
https://sakhva-travel.com/en/blog/kazbegi-day-trip-from-tbilisi,0,4,0,1
https://sakhva-travel.com/en/blog/kazbegi-day-trip-from-tbilisi/#best-time,0,63,0,9.16
https://sakhva-travel.com/en/blog/kazbegi-day-trip-from-tbilisi/#how,0,102,0,7.97
https://sakhva-travel.com/en/blog/kazbegi-day-trip-from-tbilisi/#prices,0,62,0,9.27
https://sakhva-travel.com/en/blog/kazbegi-day-trip-from-tbilisi/#route,0,63,0,9.22
https://sakhva-travel.com/en/blog/kazbegi-day-trip-from-tbilisi/#what-to-take,0,62,0,9.27
https://sakhva-travel.com/en/blog/kazbegi-day-trip-from-tbilisi/#why,0,102,0,8.01
https://sakhva-travel.com/en/blog/kazbegi-in-winter--is-it-worth-going-guide,0,1,0,1
https://sakhva-travel.com/en/blog/kazbegi-in-winter-/,0,1,0,1
https://sakhva-travel.com/en/blog/kazbegi-in-winter/#cons,0,374,0,4.06
https://sakhva-travel.com/en/blog/kazbegi-in-winter/#packing,0,483,0,3.85
https://sakhva-travel.com/en/blog/kazbegi-in-winter/#pros,0,377,0,4.05
https://sakhva-travel.com/en/blog/kazbegi-in-winter/#roads,0,362,0,3.98
https://sakhva-travel.com/en/blog/kazbegi-in-winter/#what-to-expect,0,497,0,3.92
https://sakhva-travel.com/en/blog/kazbegi-is-it-worth-going-guide,0,1,0,1
https://sakhva-travel.com/en/blog/kazbegi-solo-vs-guided/,0,13,0,6.69
https://sakhva-travel.com/en/blog/kazbegi-vs-kakheti/#comparison,0,7,0,5.29
https://sakhva-travel.com/en/blog/kazbegi-vs-kakheti/#kakheti,0,7,0,5.29
https://sakhva-travel.com/en/blog/kazbegi-vs-kakheti/#kazbegi,0,7,0,5.29
https://sakhva-travel.com/en/blog/kutaisi-day-trip/#caves,0,15,0,8.67
https://sakhva-travel.com/en/blog/kutaisi-day-trip/#gelati,0,21,0,7.52
https://sakhva-travel.com/en/blog/kutaisi-day-trip/#how,0,22,0,7.59
https://sakhva-travel.com/en/blog/kutaisi-day-trip/#motsameta,0,15,0,8.67
https://sakhva-travel.com/en/blog/martvili-canyon/#getting,0,49,0,8.39
https://sakhva-travel.com/en/blog/martvili-canyon/#history,0,43,0,8.28
https://sakhva-travel.com/en/blog/martvili-canyon/#prices,0,43,0,8.28
https://sakhva-travel.com/en/blog/martvili-canyon/#upper,0,49,0,8.39
https://sakhva-travel.com/en/blog/martvili-canyon/#what,0,49,0,8.39
https://sakhva-travel.com/en/blog/martvilicanyon/,0,1,0,1
https://sakhva-travel.com/en/blog/money-cards-georgia/#atm,0,36,0,10.08
https://sakhva-travel.com/en/blog/money-cards-georgia/#which,0,36,0,10.08
https://sakhva-travel.com/en/blog/mtskheta-day-trip/#food,0,41,0,9.59
https://sakhva-travel.com/en/blog/mtskheta-day-trip/#how-to-get,0,47,0,9.09
https://sakhva-travel.com/en/blog/mtskheta-day-trip/#itinerary,0,42,0,9.02
https://sakhva-travel.com/en/blog/mtskheta-day-trip/#what-to-see,0,47,0,9.09
https://sakhva-travel.com/en/blog/narikala-fortress-narikala/,0,1,0,1
https://sakhva-travel.com/en/blog/narikala-fortress-tbilisi,0,1,0,1
https://sakhva-travel.com/en/blog/narikala-fortress-tbilisi-georgia/,0,2,0,14.5
https://sakhva-travel.com/en/blog/narikala-fortress-tbilisi/#church,0,61,0,6.92
https://sakhva-travel.com/en/blog/narikala-fortress-tbilisi/#history,0,83,0,6.54
https://sakhva-travel.com/en/blog/narikala-fortress-tbilisi/#how-to-get,0,83,0,6.54
https://sakhva-travel.com/en/blog/narikala-fortress-tbilisi/#views,0,83,0,6.54
https://sakhva-travel.com/en/blog/narikala-fortress-tiflis/,0,1,0,6
https://sakhva-travel.com/en/blog/narikala-tbilisi/,0,1,0,1
https://sakhva-travel.com/en/blog/new-year-in-georgia/#prices,0,12,0,8
https://sakhva-travel.com/en/blog/new-year-in-georgia/#traditions,0,12,0,8
https://sakhva-travel.com/en/blog/new-year-in-georgia/#weather,0,9,0,7.56
https://sakhva-travel.com/en/blog/new-year-in-georgia/#where,0,9,0,7.56
https://sakhva-travel.com/en/blog/new-year-in-gudauri/,0,1,0,1
https://sakhva-travel.com/en/blog/private-guide-cost-tbilisi/#s1,0,7,0,10
https://sakhva-travel.com/en/blog/private-guide-cost-tbilisi/#s2,0,8,0,10.12
https://sakhva-travel.com/en/blog/private-guide-cost-tbilisi/#s3,0,7,0,10
https://sakhva-travel.com/en/blog/private-guide-cost-tbilisi/#s4,0,7,0,10
https://sakhva-travel.com/en/blog/private-guide-cost-tbilisi/#s5,0,8,0,10.12
https://sakhva-travel.com/en/blog/private-guide-services-tbilisi/,0,4,0,6.25
https://sakhva-travel.com/en/blog/private-vs-group-tour-tbilisi/,0,21,0,5.29
https://sakhva-travel.com/en/blog/september-in-georgia/,0,1,0,1
https://sakhva-travel.com/en/blog/september-is-the-best-month-in-georgia,0,1,0,1
https://sakhva-travel.com/en/blog/september-weather-wine-harvest-routes/,0,1,0,1
https://sakhva-travel.com/en/blog/sim-card-internet-georgia,0,1,0,1
https://sakhva-travel.com/en/blog/sim-card-internet-georgia/#comparison,0,10,0,9.5
https://sakhva-travel.com/en/blog/sim-card-internet-georgia/#esim,0,18,0,10.17
https://sakhva-travel.com/en/blog/sim-card-internet-georgia/#operators,0,18,0,10.17
https://sakhva-travel.com/en/blog/sim-card-internet-georgia/#sim,0,10,0,9.5
https://sakhva-travel.com/en/blog/sim-internet/,0,1,0,1
https://sakhva-travel.com/en/blog/sonar-or-wine-link-placeholder,0,1,0,1
https://sakhva-travel.com/en/blog/soviet-tbilisi-tour/#photography,0,634,0,8.51
https://sakhva-travel.com/en/blog/soviet-tbilisi-tour/#self-guided,0,740,0,8.45
https://sakhva-travel.com/en/blog/soviet-tbilisi-tour/#what-to-see,0,765,0,8.47
https://sakhva-travel.com/en/blog/stamba-hotel-tbilisi/#architecture,0,63,0,6.92
https://sakhva-travel.com/en/blog/stamba-hotel-tbilisi/#day-visit,0,73,0,7.34
https://sakhva-travel.com/en/blog/stamba-hotel-tbilisi/#gallery,0,63,0,6.92
https://sakhva-travel.com/en/blog/stamba-hotel-tbilisi/#restaurant,0,67,0,7
https://sakhva-travel.com/en/blog/stamba-hotel-tbilisi/#rooftop,0,91,0,7.09
https://sakhva-travel.com/en/blog/stamba-hotel-tbilisi/#rooms,0,63,0,6.92
https://sakhva-travel.com/en/blog/stamba-hotel-tbilisi/#what-is-stamba,0,101,0,7.33
https://sakhva-travel.com/en/blog/sulfur-baths-tbilisi/#history,0,15,0,9.87
https://sakhva-travel.com/en/blog/sulfur-baths-tbilisi/#how,0,14,0,9.79
https://sakhva-travel.com/en/blog/sulfur-baths-tbilisi/#kese,0,14,0,9.79
https://sakhva-travel.com/en/blog/sulfur-baths-tbilisi/#prices,0,15,0,9.87
https://sakhva-travel.com/en/blog/sulfur-baths-tbilisi/#tips,0,14,0,9.79
https://sakhva-travel.com/en/blog/sulfur-baths-tbilisi/#where,0,15,0,9.87
https://sakhva-travel.com/en/blog/sunday-in-tbilisi/#baths,0,3,0,6
https://sakhva-travel.com/en/blog/sunday-in-tbilisi/#brunch,0,3,0,6
https://sakhva-travel.com/en/blog/sunday-in-tbilisi/#green,0,3,0,6
https://sakhva-travel.com/en/blog/sunday-in-tbilisi/#market,0,3,0,6
https://sakhva-travel.com/en/blog/sunday-in-tbilisi/#what-its-like,0,3,0,6
https://sakhva-travel.com/en/blog/svaneti-guide,0,2,0,1
https://sakhva-travel.com/en/blog/tbilisi-3-day-itinerary/#day1,0,1,0,9
https://sakhva-travel.com/en/blog/tbilisi-3-day-itinerary/#day3,0,1,0,9
https://sakhva-travel.com/en/blog/tbilisi-3-day-itinerary/#where-to-stay,0,1,0,9
https://sakhva-travel.com/en/blog/tbilisi-airport-guide/#bolt,0,12,0,8.75
https://sakhva-travel.com/en/blog/tbilisi-airport-guide/#bus,0,10,0,9.2
https://sakhva-travel.com/en/blog/tbilisi-airport-guide/#first-steps,0,9,0,9.11
https://sakhva-travel.com/en/blog/tbilisi-airport-guide/#sim,0,13,0,8.85
https://sakhva-travel.com/en/blog/tbilisi-cable-car-price-hours-ride-to-narikala-2026/,0,1,0,1
https://sakhva-travel.com/en/blog/tbilisi-cable-car/#basics,0,2380,0,7.23
https://sakhva-travel.com/en/blog/tbilisi-cable-car/#funicular,0,2372,0,7.26
https://sakhva-travel.com/en/blog/tbilisi-cable-car/#price,0,1800,0,7.7
https://sakhva-travel.com/en/blog/tbilisi-cable-car/#views,0,1758,0,7.72
https://sakhva-travel.com/en/blog/tbilisi-for-expats/,0,326,0,9.08
https://sakhva-travel.com/en/blog/tbilisi-guide-vs-georgia-guide/,0,35,0,8.29
https://sakhva-travel.com/en/blog/tbilisi-lakes/#comparison,0,51,0,7.1
https://sakhva-travel.com/en/blog/tbilisi-lakes/#lisi-lake,0,60,0,6.73
https://sakhva-travel.com/en/blog/tbilisi-lakes/#prices-2026,0,59,0,6.83
https://sakhva-travel.com/en/blog/tbilisi-lakes/#secret-spots,0,41,0,7.63
https://sakhva-travel.com/en/blog/tbilisi-lakes/#turtle-lake,0,49,0,7.22
https://sakhva-travel.com/en/blog/tbilisi-lakes/#why-lakes,0,42,0,7.48
https://sakhva-travel.com/en/blog/tbilisi-metro-guide,0,8,0,1
https://sakhva-travel.com/en/blog/tbilisi-metro-guide/#hours,0,103,0,7.5
https://sakhva-travel.com/en/blog/tbilisi-metro-guide/#lines,0,159,0,7.61
https://sakhva-travel.com/en/blog/tbilisi-metro-guide/#metromoney,0,113,0,7.58
https://sakhva-travel.com/en/blog/tbilisi-metro-guide/#mosaics,0,146,0,7.61
https://sakhva-travel.com/en/blog/tbilisi-metro-guide/#prices,0,159,0,7.61
https://sakhva-travel.com/en/blog/tbilisi-museums/#ethnographic,0,1,0,11
https://sakhva-travel.com/en/blog/tbilisi-museums/#gabriadze,0,1,0,11
https://sakhva-travel.com/en/blog/tbilisi-museums/#national-museum,0,1,0,11
https://sakhva-travel.com/en/blog/tbilisi-museums/#occupation,0,1,0,11
https://sakhva-travel.com/en/blog/tbilisi-museums/#pirosmani,0,1,0,11
https://sakhva-travel.com/en/blog/tbilisi-museums/#treasury,0,1,0,11
https://sakhva-travel.com/en/blog/tbilisi-museums/#worth-it,0,1,0,11
https://sakhva-travel.com/en/blog/tbilisi-neighborhoods-where-to-sleep/,0,1,0,2
https://sakhva-travel.com/en/blog/tbilisi-neighborhoods/,0,4,0,1
https://sakhva-travel.com/en/blog/tbilisi-neighbourhoods-to-stay/,0,1,0,1
https://sakhva-travel.com/en/blog/tbilisi-neighbourhoods-where-to-stay/,0,1,0,1
https://sakhva-travel.com/en/blog/tbilisi-nightlife/#bassiani,0,6,0,10.67
https://sakhva-travel.com/en/blog/tbilisi-nightlife/#clubs,0,6,0,10.67
https://sakhva-travel.com/en/blog/tbilisi-nightlife/#craft-beer,0,4,0,11.25
https://sakhva-travel.com/en/blog/tbilisi-nightlife/#live-music,0,6,0,10.67
https://sakhva-travel.com/en/blog/tbilisi-nightlife/#rooftop,0,6,0,10.67
https://sakhva-travel.com/en/blog/tbilisi-nightlife/#shardeni,0,2,0,9.5
https://sakhva-travel.com/en/blog/tbilisi-nightlife/#why-tbilisi,0,6,0,10.67
https://sakhva-travel.com/en/blog/tbilisi-nightlife/#wine-bars,0,6,0,10.67
https://sakhva-travel.com/en/blog/tbilisi-one-day-itinerary/#bani,0,1,0,13
https://sakhva-travel.com/en/blog/tbilisi-one-day-itinerary/#dvory,0,1,0,13
https://sakhva-travel.com/en/blog/tbilisi-one-day-itinerary/#most,0,1,0,13
https://sakhva-travel.com/en/blog/tbilisi-one-day-itinerary/#narikala,0,1,0,13
https://sakhva-travel.com/en/blog/tbilisi-one-day-itinerary/#obed,0,1,0,13
https://sakhva-travel.com/en/blog/tbilisi-one-day-itinerary/#uzhin,0,1,0,13
https://sakhva-travel.com/en/blog/tbilisi-photo-spots/#classics,0,46,0,11.15
https://sakhva-travel.com/en/blog/tbilisi-photo-spots/#hidden,0,47,0,11.06
https://sakhva-travel.com/en/blog/tbilisi-photo-spots/#portraits,0,46,0,11.11
https://sakhva-travel.com/en/blog/tbilisi-photo-spots/#sunsets,0,47,0,11.11
https://sakhva-travel.com/en/blog/tbilisi-rainy-day/#10-more,0,9,0,8.89
https://sakhva-travel.com/en/blog/tbilisi-rainy-day/#by-district,0,9,0,8.89
https://sakhva-travel.com/en/blog/tbilisi-rainy-day/#top5,0,9,0,8.89
https://sakhva-travel.com/en/blog/tbilisi-rainy-day/#why-rain-is-fine,0,9,0,8.89
https://sakhva-travel.com/en/blog/tbilisi-shardeni-street-nightlife-the-tourist-hub-explained,0,1,0,1
https://sakhva-travel.com/en/blog/tbilisi-sulfur-baths/,0,1,0,1
https://sakhva-travel.com/en/blog/tbilisi-taxi-guide,0,1,0,1
https://sakhva-travel.com/en/blog/tbilisi-techno-scene,0,1,0,1
https://sakhva-travel.com/en/blog/tbilisi-techno-scene/#bassiani,0,637,0,7.58
https://sakhva-travel.com/en/blog/tbilisi-techno-scene/#big-clubs,0,690,0,7.44
https://sakhva-travel.com/en/blog/tbilisi-techno-scene/#daytime,0,630,0,7.51
https://sakhva-travel.com/en/blog/tbilisi-techno-scene/#intimate,0,621,0,7.54
https://sakhva-travel.com/en/blog/tbilisi-techno-scene/#prices,0,729,0,7.38
https://sakhva-travel.com/en/blog/tbilisi-techno-scene/#why-techno-capital,0,729,0,7.38
https://sakhva-travel.com/en/blog/tbilisi-to-kazbegi-transfer-2026-bus-taxi-private,0,1,0,1
https://sakhva-travel.com/en/blog/tbilisi-to-kazbegi/,0,1,0,1
https://sakhva-travel.com/en/blog/tbilisi-tourist-guide/,0,54,0,6.43
https://sakhva-travel.com/en/blog/tbilisi-wel/,0,1,0,1
https://sakhva-travel.com/en/blog/tbilisi-with-kids-guide-/,0,1,0,1
https://sakhva-travel.com/en/blog/tbilisi-with-kids/,0,2,0,1
https://sakhva-travel.com/en/blog/tbilisoba,0,1,0,1
https://sakhva-travel.com/en/blog/tbilisoba/#history,0,760,0,5.22
https://sakhva-travel.com/en/blog/tbilisoba/#program,0,707,0,5.27
https://sakhva-travel.com/en/blog/tbilisoba/#what,0,845,0,5.13
https://sakhva-travel.com/en/blog/tbilisoba/#when,0,870,0,5.06
https://sakhva-travel.com/en/blog/the-chronicle-of-georgia-tbilisi/,0,1,0,1
https://sakhva-travel.com/en/blog/things-to-see-kazbegi,0,1,0,1
https://sakhva-travel.com/en/blog/tipping-in-georgia,0,2,0,1
https://sakhva-travel.com/en/blog/tipping-in-georgia/#custom,0,433,0,8.14
https://sakhva-travel.com/en/blog/tipping-in-georgia/#restaurant,0,433,0,8.14
https://sakhva-travel.com/en/blog/transfer-tbilisi-to-kazbegi/#gergeti,0,2108,0,6.57
https://sakhva-travel.com/en/blog/transfer-tbilisi-to-kazbegi/#marshrutka,0,2734,0,6.42
https://sakhva-travel.com/en/blog/transfer-tbilisi-to-kazbegi/#options,0,2711,0,6.42
https://sakhva-travel.com/en/blog/transfer-tbilisi-to-kazbegi/#private,0,2164,0,6.54
https://sakhva-travel.com/en/blog/transfer-tbilisi-to-kazbegi/#road,0,2106,0,6.57
https://sakhva-travel.com/en/blog/transfer-tbilisi-to-kazbegi/#taxi,0,2114,0,6.58
https://sakhva-travel.com/en/blog/truso-valley-hike/#best-time,0,208,0,8.7
https://sakhva-travel.com/en/blog/truso-valley-hike/#hiking,0,289,0,8.21
https://sakhva-travel.com/en/blog/truso-valley-hike/#how-to-get,0,289,0,8.21
https://sakhva-travel.com/en/blog/truso-valley-hike/#safety,0,208,0,8.7
https://sakhva-travel.com/en/blog/truso-valley-hike/#sights,0,208,0,8.7
https://sakhva-travel.com/en/blog/truso-valley-hike/#what-is,0,289,0,8.21
https://sakhva-travel.com/en/blog/uplistsikhe-cave-city/,0,30,0,6.87
https://sakhva-travel.com/en/blog/ureki-beach/#beyond,0,271,0,9.14
https://sakhva-travel.com/en/blog/ureki-beach/#getting,0,274,0,9.16
https://sakhva-travel.com/en/blog/ureki-beach/#kids,0,292,0,8.98
https://sakhva-travel.com/en/blog/ureki-beach/#sand,0,289,0,8.96
https://sakhva-travel.com/en/blog/ureki-beach/#stay,0,271,0,9.14
https://sakhva-travel.com/en/blog/ureki-beach/#vs-batumi,0,274,0,9.16
https://sakhva-travel.com/en/blog/vegan-food-georgia,0,1,0,1
https://sakhva-travel.com/en/blog/vegan-food-georgia/#breakfast,0,2,0,11
https://sakhva-travel.com/en/blog/vegan-food-georgia/#careful,0,2,0,11
https://sakhva-travel.com/en/blog/vegan-food-georgia/#dishes,0,2,0,11
https://sakhva-travel.com/en/blog/vegan-food-georgia/#phrases,0,2,0,11
https://sakhva-travel.com/en/blog/vegan-food-georgia/#regions,0,2,0,11
https://sakhva-travel.com/en/blog/vegan-food-georgia/#why,0,2,0,11
https://sakhva-travel.com/en/blog/what-e-buy-in-georgia-20-souvenirs-from-a-local,0,1,0,1
https://sakhva-travel.com/en/blog/what-to-audio-buy-in-georgia/,0,1,0,1
https://sakhva-travel.com/en/blog/what-to-bassss/,0,1,0,1
https://sakhva-travel.com/en/blog/what-to-buy-from-a-local/,0,1,0,1
https://sakhva-travel.com/en/blog/what-to-buy-from-georgia/,0,1,0,1
https://sakhva-travel.com/en/blog/what-to-buy-in-georgia/#food-and-drinks,0,2761,0,4.2
https://sakhva-travel.com/en/blog/what-to-buy-in-georgia/#souvenirs-and-gifts,0,2692,0,4.22
https://sakhva-travel.com/en/blog/what-to-buy-in-georgia/#unexpected-buys,0,2570,0,4.27
https://sakhva-travel.com/en/blog/what-to-by-georgia/,0,1,0,1
https://sakhva-travel.com/en/blog/what-to-by-in-georgia/,0,1,0,1
https://sakhva-travel.com/en/blog/what-to-data-buy-in-georgia/,0,1,0,1
https://sakhva-travel.com/en/blog/what-to-data-type-buy-in-georgia/,0,1,0,1
https://sakhva-travel.com/en/blog/what-to-data-type-from-georgia/,0,1,0,1
https://sakhva-travel.com/en/blog/what-to-data_type/,0,1,0,1
https://sakhva-travel.com/en/blog/what-to-see-in-georgia/,0,228,0,6.56
https://sakhva-travel.com/en/blog/what-to-see-in-tbilisi/,0,324,0,7.65
https://sakhva-travel.com/en/blog/what-to-see-in-the-city/,0,1,0,1
https://sakhva-travel.com/en/contacts/,0,38,0,5.16
https://sakhva-travel.com/en/cyprus/,0,6,0,4.33
https://sakhva-travel.com/en/destinations/,0,36,0,7.36
https://sakhva-travel.com/en/destinations/kazbegi-georgia/,0,1,0,2
https://sakhva-travel.com/en/egypt/,0,5,0,5.6
https://sakhva-travel.com/en/ekskursiya/degustatsiya-vina-kakheti/,0,143,0,7.31
https://sakhva-travel.com/en/ekskursiya/ekskursiya-abanotubani/,0,48,0,8.23
https://sakhva-travel.com/en/ekskursiya/ekskursiya-david-gareji/,0,504,0,8.16
https://sakhva-travel.com/en/ekskursiya/ekskursiya-gori-iz-tbilisi/,0,56,0,10.52
https://sakhva-travel.com/en/ekskursiya/ekskursiya-hevsuretia-shatili/,0,88,0,8.58
https://sakhva-travel.com/en/ekskursiya/ekskursiya-jvari-iz-tbilisi/,0,298,0,7.02
https://sakhva-travel.com/en/ekskursiya/ekskursiya-kazbegi-iz-tbilisi/,0,41,0,5.68
https://sakhva-travel.com/en/ekskursiya/ekskursiya-mtatsminda/,0,83,0,9.81
https://sakhva-travel.com/en/ekskursiya/ekskursiya-narikalal/,0,1,0,1
https://sakhva-travel.com/en/ekskursiya/ekskursiya-sighnaghi-iz-tbilisi/,0,159,0,7.94
https://sakhva-travel.com/en/ekskursiya/ekskursiya-stary-tbilisi/,0,67,0,7.73
https://sakhva-travel.com/en/ekskursiya/ekskursiya-telavi-iz-tbilisi/,0,63,0,13.1
https://sakhva-travel.com/en/ekskursiya/ekskursiya-uplistsikhe-iz-tbilisi/,0,138,0,6.84
https://sakhva-travel.com/en/ekskursiya/ekskursiya-zugdidi/,0,108,0,12.71
https://sakhva-travel.com/en/ekskursiya/gastronomicheskiy-tur-tbilisi/,0,101,0,9.99
https://sakhva-travel.com/en/ekskursiya/gruppa-10-chelovek-tbilisi/,0,33,0,5.58
https://sakhva-travel.com/en/ekskursiya/hayking-juta-chaukhi-iz-kazbegi,0,1,0,1
https://sakhva-travel.com/en/ekskursiya/khachapuri-master-klass/,0,58,0,9.55
https://sakhva-travel.com/en/ekskursiya/korporativniy-tur-tbilisi/,0,60,0,13.98
https://sakhva-travel.com/en/ekskursiya/lednik-chalaadi-mestia/,0,57,0,7.16
https://sakhva-travel.com/en/ekskursiya/shopping-tur-tbilisi/,0,184,0,7.54
https://sakhva-travel.com/en/ekskursiya/tur-batumi-2-dnya/,0,25,0,6.4
https://sakhva-travel.com/en/ekskursiya/tur-dlya-detey-tbilisi/,0,24,0,9.08
https://sakhva-travel.com/en/ekskursiya/tur-gruziya-10-dney/,0,33,0,7
https://sakhva-travel.com/en/ekskursiya/tur-gruziya-3-dnya/,0,14,0,12.86
https://sakhva-travel.com/en/ekskursiya/tur-gruziya-5-dney/,0,51,0,8.53
https://sakhva-travel.com/en/ekskursiya/tur-gruziya-7-dney/,0,74,0,10.11
https://sakhva-travel.com/en/ekskursiya/tur-gruziya-armeniya/,0,502,0,9.24
https://sakhva-travel.com/en/ekskursiya/tur-kazbegi-kakheti-2-dnya/,0,67,0,6.87
https://sakhva-travel.com/en/ekskursiya/tur-kutaisi-iz-tbilisi/,0,47,0,4.34
https://sakhva-travel.com/en/ekskursiya/tur-po-hramam-tbilisi/,0,214,0,10.73
https://sakhva-travel.com/en/ekskursiya/tur-vsya-gruziya/,0,83,0,6.55
https://sakhva-travel.com/en/ekskursiya/ushguli-iz-mestii/,0,21,0,6.33
https://sakhva-travel.com/en/ekskursiya/ushguli-shkhara-lednik/,0,168,0,6.54
https://sakhva-travel.com/en/ekskursiya/vinniy-tur-tbilisi/,0,53,0,8.25
https://sakhva-travel.com/en/faq/,0,39,0,5.69
https://sakhva-travel.com/en/gallery/,0,19,0,10
https://sakhva-travel.com/en/georgia-travel-guide/#avtorskiy,0,1,0,4
https://sakhva-travel.com/en/georgia-travel-guide/#intro,0,1,0,4
https://sakhva-travel.com/en/georgia-travel-guide/#kogda-bron,0,1,0,4
https://sakhva-travel.com/en/georgia-travel-guide/#paketnyy,0,1,0,4
https://sakhva-travel.com/en/georgia-travel-guide/#sravnenie,0,1,0,4
https://sakhva-travel.com/en/georgia-travel-guide/#tseny,0,1,0,4
https://sakhva-travel.com/en/georgia-travel-guide/#vidy,0,1,0,4
https://sakhva-travel.com/en/imereti/,0,104,0,6.97
https://sakhva-travel.com/en/kvemo-kartli/,0,388,0,6.36
https://sakhva-travel.com/en/maldives/,0,12,0,6.42
https://sakhva-travel.com/en/mtskheta-mtianeti/,0,148,0,6.64
https://sakhva-travel.com/en/odnodnevnye-ekskursii-iz-tbilisi/,0,21,0,36.71
https://sakhva-travel.com/en/pogoda/adjara/,0,118,0,6.47
https://sakhva-travel.com/en/pogoda/bakuriani/,0,147,0,6.01
https://sakhva-travel.com/en/pogoda/guria/,0,63,0,6.05
https://sakhva-travel.com/en/pogoda/kvemo-kartli/,0,51,0,5.16
https://sakhva-travel.com/en/pogoda/movestia/,0,1,0,2
https://sakhva-travel.com/en/pogoda/mtskheta-mtianeti/,0,25,0,5.28
https://sakhva-travel.com/en/pogoda/samegrelo/,0,24,0,5.62
https://sakhva-travel.com/en/pogoda/samtskhe-javakheti/,0,7,0,3.57
https://sakhva-travel.com/en/pogoda/shida-kartli/,0,35,0,5.57
https://sakhva-travel.com/en/pogoda/tbilisi/,0,3,0,3
https://sakhva-travel.com/en/racha/,0,5,0,7.6
https://sakhva-travel.com/en/samtskhe-javakheti/,0,7,0,6.43
https://sakhva-travel.com/en/shida-kartli/,0,112,0,8.37
https://sakhva-travel.com/en/terms/,0,5,0,5.6
https://sakhva-travel.com/en/thailand/,0,34,0,8.18
https://sakhva-travel.com/en/tours-from-kazan/,0,2,0,5.5
https://sakhva-travel.com/en/tours-from-kislovodsk/,0,10,0,8.2
https://sakhva-travel.com/en/tours-from-krasnodar/,0,2,0,8
https://sakhva-travel.com/en/tours-from-makhachkala/,0,5,0,7.2
https://sakhva-travel.com/en/tours-from-mineralnye-vody/,0,4,0,5.25
https://sakhva-travel.com/en/tours-from-minsk/,0,17,0,7.29
https://sakhva-travel.com/en/tours-from-moscow/,0,8,0,5.25
https://sakhva-travel.com/en/tours-from-nizhny-novgorod/,0,2,0,7.5
https://sakhva-travel.com/en/tours-from-novosibirsk/,0,4,0,6.25
https://sakhva-travel.com/en/tours-from-perm/,0,3,0,8
https://sakhva-travel.com/en/tours-from-pyatigorsk/,0,4,0,9.25
https://sakhva-travel.com/en/tours-from-rostov/,0,10,0,6.7
https://sakhva-travel.com/en/tours-from-saint-petersburg/,0,4,0,6
https://sakhva-travel.com/en/tours-from-samara/,0,1,0,6
https://sakhva-travel.com/en/tours-from-saratov/,0,4,0,7.25
https://sakhva-travel.com/en/tours-from-sochi/,0,85,0,6.6
https://sakhva-travel.com/en/tours-from-stavropol/,0,43,0,5.81
https://sakhva-travel.com/en/tours-from-tashkent/,0,44,0,4.57
https://sakhva-travel.com/en/tours-from-tyumen/,0,5,0,4.2
https://sakhva-travel.com/en/tours-from-ufa/,0,6,0,8
https://sakhva-travel.com/en/tours-from-volgograd/,0,6,0,6.67
https://sakhva-travel.com/en/tours-from-voronezh/,0,8,0,5.62
https://sakhva-travel.com/en/tours-from-yekaterinburg/,0,1,0,5
https://sakhva-travel.com/en/tours-from-yerevan/,0,31,0,7.35
https://sakhva-travel.com/en/turkey/,0,4,0,6
https://sakhva-travel.com/en/uae/,0,4,0,8.75
https://sakhva-travel.com/en/vietnam/,0,1,0,9
https://sakhva-travel.com/en/wine-tours-georgia/,0,42,0,23.98
https://sakhva-travel.com/gallery/,0,4,0,9
https://sakhva-travel.com/ge/about/saba/,0,8,0,8.5
https://sakhva-travel.com/ge/adjara/,0,21,0,10.24
https://sakhva-travel.com/ge/avtorskie-tury-gruzia/,0,7,0,4.71
https://sakhva-travel.com/ge/blog/,0,70,0,8.56
https://sakhva-travel.com/ge/blog/basseyny-tbilisi/#akvapark,0,64,0,9.31
https://sakhva-travel.com/ge/blog/basseyny-tbilisi/#basseyny-centr,0,64,0,9.31
https://sakhva-travel.com/ge/blog/basseyny-tbilisi/#besplatno,0,62,0,9.32
https://sakhva-travel.com/ge/blog/batumi-complete-guide/,0,81,0,6.9
https://sakhva-travel.com/ge/blog/best-restaurants-tbilisi/#where-to-drink-%E1%83%A6%E1%83%95%E1%83%98%E1%83%9C%E1%83%9D,0,156,0,10.19
https://sakhva-travel.com/ge/blog/best-restaurants-tbilisi/#where-to-eat-everything-else,0,152,0,10.18
https://sakhva-travel.com/ge/blog/best-restaurants-tbilisi/#where-to-eat-khachapuri,0,134,0,10.21
https://sakhva-travel.com/ge/blog/best-restaurants-tbilisi/#where-to-eat-khinkali,0,154,0,10.19
https://sakhva-travel.com/ge/blog/best-restaurants-tbilisi/#where-to-have-breakfast,0,135,0,10.21
https://sakhva-travel.com/ge/blog/best-time-visit-georgia/,0,7,0,4.29
https://sakhva-travel.com/ge/blog/best-time-visit-kazbegi/,0,49,0,5.43
https://sakhva-travel.com/ge/blog/black-sea-georgia/#%E1%83%A1%E1%83%94%E1%83%96%E1%83%9D%E1%83%9C%E1%83%98,0,6,0,7.17
https://sakhva-travel.com/ge/blog/black-sea-georgia/#resorts,0,6,0,7.17
https://sakhva-travel.com/ge/blog/black-sea-georgia/#sand-pebble,0,6,0,7.17
https://sakhva-travel.com/ge/blog/black-sea-georgia/#where,0,6,0,7.17
https://sakhva-travel.com/ge/blog/borjomi-complete-guide/#bakuriani,0,140,0,7.34
https://sakhva-travel.com/ge/blog/borjomi-complete-guide/#gorge,0,153,0,6.88
https://sakhva-travel.com/ge/blog/borjomi-complete-guide/#park,0,153,0,6.88
https://sakhva-travel.com/ge/blog/borjomi-complete-guide/#routes,0,124,0,7.03
https://sakhva-travel.com/ge/blog/borjomi-complete-guide/#springs,0,124,0,7.05
https://sakhva-travel.com/ge/blog/borjomi-from-tbilisi/#how,0,2,0,8.5
https://sakhva-travel.com/ge/blog/borjomi-from-tbilisi/#park,0,2,0,8.5
https://sakhva-travel.com/ge/blog/borjomi-from-tbilisi/#route,0,2,0,8.5
https://sakhva-travel.com/ge/blog/borjomi-from-tbilisi/#why,0,2,0,8.5
https://sakhva-travel.com/ge/blog/botanical-garden-tbilisi/#entrances,0,98,0,8.24
https://sakhva-travel.com/ge/blog/botanical-garden-tbilisi/#hidden-trails,0,84,0,9.05
https://sakhva-travel.com/ge/blog/botanical-garden-tbilisi/#history,0,116,0,8.01
https://sakhva-travel.com/ge/blog/botanical-garden-tbilisi/#prices,0,127,0,7.46
https://sakhva-travel.com/ge/blog/botanical-garden-tbilisi/#routes,0,85,0,9.06
https://sakhva-travel.com/ge/blog/botanical-garden-tbilisi/#seasons,0,94,0,8.33
https://sakhva-travel.com/ge/blog/botanical-garden-tbilisi/#waterfall,0,84,0,9.05
https://sakhva-travel.com/ge/blog/car-rental-tbilisi/,0,26,0,7.42
https://sakhva-travel.com/ge/blog/chacha-georgian-brandy/#abv,0,2,0,1.5
https://sakhva-travel.com/ge/blog/chacha-georgian-brandy/#history,0,2,0,1.5
https://sakhva-travel.com/ge/blog/chacha-georgian-brandy/#how-to-drink,0,2,0,1.5
https://sakhva-travel.com/ge/blog/chacha-georgian-brandy/#ingredients,0,2,0,1.5
https://sakhva-travel.com/ge/blog/chacha-georgian-brandy/#types,0,2,0,1.5
https://sakhva-travel.com/ge/blog/chacha-georgian-brandy/#what-is-%E1%83%AD%E1%83%90%E1%83%AD%E1%83%90,0,2,0,1.5
https://sakhva-travel.com/ge/blog/company-registration-georgia/,0,95,0,15.49
https://sakhva-travel.com/ge/blog/digital-nomad-tbilisi/,0,46,0,5.8
https://sakhva-travel.com/ge/blog/document-translation-notary-georgia/,0,32,0,7.19
https://sakhva-travel.com/ge/blog/fabrika-tbilisi-guide/#bars,0,48,0,9.62
https://sakhva-travel.com/ge/blog/fabrika-tbilisi-guide/#coworking,0,46,0,9.67
https://sakhva-travel.com/ge/blog/fabrika-tbilisi-guide/#events,0,45,0,9.67
https://sakhva-travel.com/ge/blog/fabrika-tbilisi-guide/#hostel,0,46,0,9.67
https://sakhva-travel.com/ge/blog/fabrika-tbilisi-guide/#street-art,0,48,0,9.62
https://sakhva-travel.com/ge/blog/fabrika-tbilisi-guide/#what-is,0,49,0,9.63
https://sakhva-travel.com/ge/blog/free-things-tbilisi/#Narikala,0,3,0,8
https://sakhva-travel.com/ge/blog/free-things-tbilisi/#churches,0,3,0,8
https://sakhva-travel.com/ge/blog/free-things-tbilisi/#courtyards,0,3,0,8
https://sakhva-travel.com/ge/blog/free-things-tbilisi/#dezerterka,0,3,0,8
https://sakhva-travel.com/ge/blog/friday-in-tbilisi/,0,25,0,6.48
https://sakhva-travel.com/ge/blog/georgia-7-day-itinerary/,0,55,0,6.4
https://sakhva-travel.com/ge/blog/georgia-budget-travel/,0,13,0,6.15
https://sakhva-travel.com/ge/blog/georgia-guide-or-solo/,0,15,0,7.47
https://sakhva-travel.com/ge/blog/georgia-in-may/,0,10,0,7.7
https://sakhva-travel.com/ge/blog/georgia-in-september/#%E1%83%A0%E1%83%97%E1%83%95%E1%83%94%E1%83%9A%E1%83%98,0,1,0,7
https://sakhva-travel.com/ge/blog/georgia-in-september/#routes,0,4,0,7.25
https://sakhva-travel.com/ge/blog/georgia-in-september/#weather,0,4,0,7.25
https://sakhva-travel.com/ge/blog/georgia-in-september/#why-september,0,4,0,7.25
https://sakhva-travel.com/ge/blog/georgia-in-winter/,0,17,0,6.18
https://sakhva-travel.com/ge/blog/georgia-trip-cost/,0,130,0,6.37
https://sakhva-travel.com/ge/blog/georgia-visa-2026/,0,84,0,6.13
https://sakhva-travel.com/ge/blog/georgia-with-kids/,0,30,0,6.4
https://sakhva-travel.com/ge/blog/georgian-alphabet/#reading,0,405,0,7.07
https://sakhva-travel.com/ge/blog/georgian-alphabet/#table,0,500,0,7.1
https://sakhva-travel.com/ge/blog/georgian-alphabet/#three,0,495,0,7.07
https://sakhva-travel.com/ge/blog/georgian-alphabet/#what,0,497,0,7.11
https://sakhva-travel.com/ge/blog/georgian-food-guide/#chashushuli,0,2,0,9.5
https://sakhva-travel.com/ge/blog/georgian-food-guide/#khachapuri,0,2,0,9.5
https://sakhva-travel.com/ge/blog/georgian-food-guide/#khinkali,0,2,0,9.5
https://sakhva-travel.com/ge/blog/georgian-food-guide/#lobio,0,2,0,9.5
https://sakhva-travel.com/ge/blog/georgian-food-guide/#mtsvadi,0,2,0,9.5
https://sakhva-travel.com/ge/blog/georgian-food-guide/#shkmeruli,0,2,0,9.5
https://sakhva-travel.com/ge/blog/georgian-food-guide/#sulguni,0,2,0,9.5
https://sakhva-travel.com/ge/blog/georgian-military-highway/#ananuri,0,15,0,7.27
https://sakhva-travel.com/ge/blog/georgian-military-highway/#pasanauri,0,14,0,7.14
https://sakhva-travel.com/ge/blog/georgian-military-highway/#pass,0,13,0,7
https://sakhva-travel.com/ge/blog/georgian-military-highway/#stops,0,16,0,7.38
https://sakhva-travel.com/ge/blog/georgian-phrases-tourists/#%E1%83%92%E1%83%90%E1%83%9B%E1%83%90%E1%83%A0%E1%83%AF%E1%83%9D%E1%83%91%E1%83%90,0,3,0,9
https://sakhva-travel.com/ge/blog/georgian-phrases-tourists/#cafe,0,3,0,9
https://sakhva-travel.com/ge/blog/georgian-phrases-tourists/#polite,0,3,0,9
https://sakhva-travel.com/ge/blog/georgian-phrases-tourists/#taxi,0,2,0,9
https://sakhva-travel.com/ge/blog/georgian-toasts/#%E1%83%97%E1%83%90%E1%83%9B%E1%83%90%E1%83%93%E1%83%90,0,730,0,6.96
https://sakhva-travel.com/ge/blog/georgian-toasts/#%E1%83%A1%E1%83%A3%E1%83%A4%E1%83%A0%E1%83%90,0,758,0,6.93
https://sakhva-travel.com/ge/blog/georgian-toasts/#12-toasts,0,765,0,6.94
https://sakhva-travel.com/ge/blog/georgian-toasts/#order,0,763,0,6.94
https://sakhva-travel.com/ge/blog/history-of-tbilisi/#capital,0,7,0,11.29
https://sakhva-travel.com/ge/blog/history-of-tbilisi/#invasions,0,5,0,11.8
https://sakhva-travel.com/ge/blog/history-of-tbilisi/#legend,0,7,0,11.29
https://sakhva-travel.com/ge/blog/kakheti-complete-guide/#routes,0,266,0,8.29
https://sakhva-travel.com/ge/blog/kakheti-complete-guide/#sights,0,255,0,8.25
https://sakhva-travel.com/ge/blog/kakheti-complete-guide/#why,0,262,0,8.27
https://sakhva-travel.com/ge/blog/kakheti-complete-guide/#wineries,0,264,0,8.28
https://sakhva-travel.com/ge/blog/kakhetshi-in-autumn/,0,1,0,1
https://sakhva-travel.com/ge/blog/kazbegi-complete-guide/#gergeti,0,10,0,9.2
https://sakhva-travel.com/ge/blog/kazbegi-complete-guide/#highway,0,10,0,9.2
https://sakhva-travel.com/ge/blog/kazbegi-complete-guide/#prices,0,10,0,9.2
https://sakhva-travel.com/ge/blog/kazbegi-complete-guide/#routes,0,11,0,9.18
https://sakhva-travel.com/ge/blog/kazbegi-complete-guide/#why,0,11,0,9.18
https://sakhva-travel.com/ge/blog/kazbegi-day-trip-from-tbilisi/#best-time,0,5,0,9.6
https://sakhva-travel.com/ge/blog/kazbegi-day-trip-from-tbilisi/#how,0,13,0,9.15
https://sakhva-travel.com/ge/blog/kazbegi-day-trip-from-tbilisi/#prices,0,5,0,9.6
https://sakhva-travel.com/ge/blog/kazbegi-day-trip-from-tbilisi/#route,0,13,0,9.15
https://sakhva-travel.com/ge/blog/kazbegi-day-trip-from-tbilisi/#why,0,13,0,9.15
https://sakhva-travel.com/ge/blog/kazbegi-solo-vs-guided/,0,30,0,6.33
https://sakhva-travel.com/ge/blog/kazbegi-vs-kakheti/,0,10,0,6
https://sakhva-travel.com/ge/blog/khinkali-georgian-dumplings/#history,0,13,0,7.54
https://sakhva-travel.com/ge/blog/khinkali-georgian-dumplings/#how-to-eat,0,13,0,7.54
https://sakhva-travel.com/ge/blog/khinkali-georgian-dumplings/#recipe,0,13,0,7.54
https://sakhva-travel.com/ge/blog/khinkali-georgian-dumplings/#types,0,13,0,7.54
https://sakhva-travel.com/ge/blog/khinkali-georgian-dumplings/#where,0,13,0,7.54
https://sakhva-travel.com/ge/blog/kutaisi-day-trip/,0,54,0,6.61
https://sakhva-travel.com/ge/blog/martvili-canyon/#getting,0,49,0,6.43
https://sakhva-travel.com/ge/blog/martvili-canyon/#prices,0,50,0,6.36
https://sakhva-travel.com/ge/blog/martvili-canyon/#what,0,50,0,6.36
https://sakhva-travel.com/ge/blog/mtskheta-day-trip/#food,0,7,0,8.14
https://sakhva-travel.com/ge/blog/mtskheta-day-trip/#how-to-get,0,7,0,8.14
https://sakhva-travel.com/ge/blog/mtskheta-day-trip/#itinerary,0,6,0,8
https://sakhva-travel.com/ge/blog/mtskheta-day-trip/#what-to-see,0,7,0,8.14
https://sakhva-travel.com/ge/blog/narikala-fortress-tbilisi/#history,0,113,0,8.39
https://sakhva-travel.com/ge/blog/narikala-fortress-tbilisi/#how-to-get,0,112,0,8.38
https://sakhva-travel.com/ge/blog/narikala-fortress-tbilisi/#views,0,102,0,8.4
https://sakhva-travel.com/ge/blog/new-year-in-georgia/,0,52,0,7.69
https://sakhva-travel.com/ge/blog/open-bank-account-georgia/,0,167,0,6.15
https://sakhva-travel.com/ge/blog/oteli-tbilisi-5-zvezd-v-centre/#gde-centr,0,43,0,4.81
https://sakhva-travel.com/ge/blog/oteli-tbilisi-5-zvezd-v-centre/#sravnenie,0,43,0,4.81
https://sakhva-travel.com/ge/blog/oteli-tbilisi-5-zvezd-v-centre/#stamba,0,40,0,4.97
https://sakhva-travel.com/ge/blog/private-guide-services-tbilisi/,0,6,0,7.67
https://sakhva-travel.com/ge/blog/rafting-in-georgia/,0,59,0,8.44
https://sakhva-travel.com/ge/blog/russian-speaking-guide-tbilisi/#s1,0,8,0,4.12
https://sakhva-travel.com/ge/blog/russian-speaking-guide-tbilisi/#s2,0,8,0,4.12
https://sakhva-travel.com/ge/blog/russian-speaking-guide-tbilisi/#s3,0,8,0,4.12
https://sakhva-travel.com/ge/blog/russian-speaking-guide-tbilisi/#s4,0,8,0,4.12
https://sakhva-travel.com/ge/blog/russian-speaking-guide-tbilisi/#s5,0,8,0,4.12
https://sakhva-travel.com/ge/blog/sulfur-baths-tbilisi/#history,0,605,0,7.52
https://sakhva-travel.com/ge/blog/sulfur-baths-tbilisi/#how,0,563,0,7.64
https://sakhva-travel.com/ge/blog/sulfur-baths-tbilisi/#kese,0,607,0,7.52
https://sakhva-travel.com/ge/blog/sulfur-baths-tbilisi/#prices,0,585,0,7.59
https://sakhva-travel.com/ge/blog/sulfur-baths-tbilisi/#tips,0,573,0,7.65
https://sakhva-travel.com/ge/blog/sulfur-baths-tbilisi/#where,0,562,0,7.67
https://sakhva-travel.com/ge/blog/sunday-in-tbilisi/,0,31,0,6.45
https://sakhva-travel.com/ge/blog/svaneti-guide/#days,0,4,0,4.5
https://sakhva-travel.com/ge/blog/svaneti-guide/#how,0,4,0,4.5
https://sakhva-travel.com/ge/blog/svaneti-guide/#stay,0,4,0,4.5
https://sakhva-travel.com/ge/blog/svaneti-guide/#treks,0,4,0,4.5
https://sakhva-travel.com/ge/blog/svaneti-guide/#ushguli,0,4,0,4.5
https://sakhva-travel.com/ge/blog/svaneti-guide/#what,0,4,0,4.5
https://sakhva-travel.com/ge/blog/tbilis%E1%83%9D%E1%83%91%E1%83%90,0,1,0,1
https://sakhva-travel.com/ge/blog/tbilisi-3-day-itinerary/,0,4,0,8.5
https://sakhva-travel.com/ge/blog/tbilisi-batumi-train/#onboard,0,572,0,7.19
https://sakhva-travel.com/ge/blog/tbilisi-batumi-train/#seats,0,159,0,8.75
https://sakhva-travel.com/ge/blog/tbilisi-cable-car/#%E1%83%A4%E1%83%90%E1%83%A1%E1%83%98,0,25,0,4.28
https://sakhva-travel.com/ge/blog/tbilisi-cable-car/#%E1%83%A4%E1%83%A3%E1%83%9C%E1%83%98%E1%83%99%E1%83%A3%E1%83%9A%E1%83%98%E1%83%9D%E1%83%A0%E1%83%98,0,25,0,4.28
https://sakhva-travel.com/ge/blog/tbilisi-cable-car/#basics,0,25,0,4.28
https://sakhva-travel.com/ge/blog/tbilisi-cable-car/#views,0,13,0,5.08
https://sakhva-travel.com/ge/blog/tbilisi-for-expats/,0,70,0,7.7
https://sakhva-travel.com/ge/blog/tbilisi-guide-vs-georgia-guide/,0,33,0,7.79
https://sakhva-travel.com/ge/blog/tbilisi-lakes/#comparison,0,3,0,5.67
https://sakhva-travel.com/ge/blog/tbilisi-lakes/#lisi-lake,0,3,0,5.67
https://sakhva-travel.com/ge/blog/tbilisi-lakes/#prices-2026,0,3,0,5.67
https://sakhva-travel.com/ge/blog/tbilisi-lakes/#secret-spots,0,3,0,5.67
https://sakhva-travel.com/ge/blog/tbilisi-lakes/#turtle-lake,0,3,0,5.67
https://sakhva-travel.com/ge/blog/tbilisi-lakes/#why-lakes,0,3,0,5.67
https://sakhva-travel.com/ge/blog/tbilisi-nightlife/#%E1%83%A6%E1%83%95%E1%83%98%E1%83%9C%E1%83%9D-bars,0,36,0,6.14
https://sakhva-travel.com/ge/blog/tbilisi-nightlife/#bassiani,0,36,0,6.14
https://sakhva-travel.com/ge/blog/tbilisi-nightlife/#clubs,0,36,0,6.14
https://sakhva-travel.com/ge/blog/tbilisi-nightlife/#craft-beer,0,36,0,6.14
https://sakhva-travel.com/ge/blog/tbilisi-nightlife/#live-music,0,36,0,6.14
https://sakhva-travel.com/ge/blog/tbilisi-nightlife/#rooftop,0,36,0,6.14
https://sakhva-travel.com/ge/blog/tbilisi-one-day-itinerary/,0,14,0,5.64
https://sakhva-travel.com/ge/blog/tbilisi-photo-spots/#classics,0,32,0,8.75
https://sakhva-travel.com/ge/blog/tbilisi-photo-spots/#hidden,0,34,0,8.47
https://sakhva-travel.com/ge/blog/tbilisi-photo-spots/#portraits,0,34,0,8.47
https://sakhva-travel.com/ge/blog/tbilisi-photo-spots/#sunsets,0,32,0,8.75
https://sakhva-travel.com/ge/blog/tbilisi-rainy-day/,0,50,0,8.84
https://sakhva-travel.com/ge/blog/tbilisi-with-kids-guide/#botanical,0,6,0,6.83
https://sakhva-travel.com/ge/blog/tbilisi-with-kids-guide/#cable-car,0,6,0,6.83
https://sakhva-travel.com/ge/blog/tbilisi-with-kids-guide/#ethno,0,6,0,6.83
https://sakhva-travel.com/ge/blog/tbilisi-with-kids-guide/#mtatsminda,0,7,0,7.29
https://sakhva-travel.com/ge/blog/tbilisi-with-kids-guide/#turtle-lake,0,6,0,6.83
https://sakhva-travel.com/ge/blog/tbilisi-with-kids-guide/#zoo,0,7,0,7.29
https://sakhva-travel.com/ge/blog/tbilisoba,0,1,0,1
https://sakhva-travel.com/ge/blog/tbilisoba-,0,1,0,1
https://sakhva-travel.com/ge/blog/tbilisoba/#%E1%83%A0%E1%83%97%E1%83%95%E1%83%94%E1%83%9A%E1%83%98,0,904,0,3.02
https://sakhva-travel.com/ge/blog/tbilisoba/#history,0,4392,0,2.46
https://sakhva-travel.com/ge/blog/things-to-see-kazbegi/#sno,0,173,0,4.72
https://sakhva-travel.com/ge/blog/things-to-see-kazbegi/#troitsa,0,174,0,4.71
https://sakhva-travel.com/ge/blog/things-to-see-kazbegi/#truso,0,163,0,4.7
https://sakhva-travel.com/ge/blog/tipping-in-georgia/,0,8,0,6.12
https://sakhva-travel.com/ge/blog/tourist-mistakes-tbilisi/,0,5,0,6
https://sakhva-travel.com/ge/blog/transfer-tbilisi-to-kazbegi/#%E1%83%A4%E1%83%90%E1%83%A1%E1%83%98-table,0,78,0,4.45
https://sakhva-travel.com/ge/blog/transfer-tbilisi-to-kazbegi/#gergeti,0,68,0,4.9
https://sakhva-travel.com/ge/blog/transfer-tbilisi-to-kazbegi/#marshrutka,0,71,0,4.86
https://sakhva-travel.com/ge/blog/transfer-tbilisi-to-kazbegi/#options,0,73,0,4.77
https://sakhva-travel.com/ge/blog/transfer-tbilisi-to-kazbegi/#private,0,81,0,4.51
https://sakhva-travel.com/ge/blog/transfer-tbilisi-to-kazbegi/#road,0,70,0,5
https://sakhva-travel.com/ge/blog/transfer-tbilisi-to-kazbegi/#taxi,0,69,0,4.86
https://sakhva-travel.com/ge/blog/travel-insurance-georgia-2026/#checklist,0,13,0,7.69
https://sakhva-travel.com/ge/blog/travel-insurance-georgia-2026/#green-card,0,15,0,7.53
https://sakhva-travel.com/ge/blog/travel-insurance-georgia-2026/#medical-costs,0,12,0,7.5
https://sakhva-travel.com/ge/blog/travel-insurance-georgia-2026/#requirements,0,13,0,7.23
https://sakhva-travel.com/ge/blog/travel-insurance-georgia-2026/#what-changed,0,13,0,7.62
https://sakhva-travel.com/ge/blog/travel-insurance-georgia-2026/#where-to-buy,0,14,0,7.43
https://sakhva-travel.com/ge/blog/travel-insurance-georgia-2026/#who-needs,0,13,0,7.62
https://sakhva-travel.com/ge/blog/truso-valley-hike/#best-time,0,80,0,5.89
https://sakhva-travel.com/ge/blog/truso-valley-hike/#hiking,0,81,0,5.85
https://sakhva-travel.com/ge/blog/truso-valley-hike/#safety,0,80,0,5.89
https://sakhva-travel.com/ge/blog/truso-valley-hike/#sights,0,91,0,5.87
https://sakhva-travel.com/ge/blog/truso-valley-hike/#what-is,0,91,0,5.87
https://sakhva-travel.com/ge/blog/ureki-beach/#beyond,0,48,0,6.9
https://sakhva-travel.com/ge/blog/ureki-beach/#getting,0,50,0,6.98
https://sakhva-travel.com/ge/blog/ureki-beach/#kids,0,53,0,6.81
https://sakhva-travel.com/ge/blog/ureki-beach/#sand,0,53,0,6.81
https://sakhva-travel.com/ge/blog/ureki-beach/#stay,0,51,0,6.73
https://sakhva-travel.com/ge/blog/ureki-beach/#vs-batumi,0,48,0,6.9
https://sakhva-travel.com/ge/blog/vardzia-cave-monastery/#history,0,6,0,8.17
https://sakhva-travel.com/ge/blog/vardzia-cave-monastery/#how-to-get,0,6,0,8.17
https://sakhva-travel.com/ge/blog/vardzia-cave-monastery/#prices,0,6,0,8.17
https://sakhva-travel.com/ge/blog/vardzia-cave-monastery/#what-is,0,6,0,8.17
https://sakhva-travel.com/ge/blog/vardzia-cave-monastery/#what-to-see,0,6,0,8.17
https://sakhva-travel.com/ge/blog/vegan-food-georgia/,0,39,0,7.62
https://sakhva-travel.com/ge/blog/what-to-see-in-georgia/#kakheti,0,1,0,2
https://sakhva-travel.com/ge/blog/what-to-see-in-georgia/#kazbegi,0,1,0,2
https://sakhva-travel.com/ge/blog/what-to-see-in-georgia/#mtskheta,0,1,0,2
https://sakhva-travel.com/ge/blog/what-to-see-in-georgia/#tbilisi,0,1,0,2
https://sakhva-travel.com/ge/blog/what-to-see-in-georgia/#west,0,1,0,2
https://sakhva-travel.com/ge/blog/what-to-see-in-tbilisi/#avlabari,0,294,0,5.86
https://sakhva-travel.com/ge/blog/what-to-see-in-tbilisi/#mtatsminda,0,299,0,5.88
https://sakhva-travel.com/ge/blog/what-to-see-in-tbilisi/#old-town,0,312,0,5.86
https://sakhva-travel.com/ge/blog/what-to-see-in-tbilisi/#vera,0,279,0,5.88
https://sakhva-travel.com/ge/contacts/,0,2,0,8.5
https://sakhva-travel.com/ge/ekskursionnye-tury-v-gruziyu/,0,8,0,7.5
https://sakhva-travel.com/ge/ekskursiya/art-tur-tbilisi/,0,8,0,6
https://sakhva-travel.com/ge/ekskursiya/degustatsiya-vina-kakheti/,0,31,0,5.13
https://sakhva-travel.com/ge/ekskursiya/ekskursiya-abanotubani/,0,40,0,9.38
https://sakhva-travel.com/ge/ekskursiya/ekskursiya-borjomi-iz-tbilisi/,0,137,0,8.49
https://sakhva-travel.com/ge/ekskursiya/ekskursiya-gudauri-iz-tbilisi/,0,11,0,8.73
https://sakhva-travel.com/ge/ekskursiya/ekskursiya-vardzia/,0,19,0,5.63
https://sakhva-travel.com/ge/ekskursiya/gruppa-10-chelovek-tbilisi/,0,53,0,7.15
https://sakhva-travel.com/ge/ekskursiya/hayking-juta-chaukhi-iz-kazbegi/,0,6,0,8.17
https://sakhva-travel.com/ge/ekskursiya/hayking-truso-iz-kazbegi/,0,6,0,5.83
https://sakhva-travel.com/ge/ekskursiya/kvevri-vino-tur/,0,30,0,6
https://sakhva-travel.com/ge/ekskursiya/lednik-chalaadi-mestia/,0,5,0,8
https://sakhva-travel.com/ge/ekskursiya/ozero-koruldi-mestia/,0,10,0,9
https://sakhva-travel.com/ge/ekskursiya/pohod-v-gory-gruzia/,0,31,0,5.68
https://sakhva-travel.com/ge/ekskursiya/priklyuchencheskiy-tur-gruziya/,0,13,0,6.31
https://sakhva-travel.com/ge/ekskursiya/romanticheskiy-tur-tbilisi/,0,38,0,7.13
https://sakhva-travel.com/ge/ekskursiya/shopping-tur-tbilisi/,0,30,0,6.93
https://sakhva-travel.com/ge/ekskursiya/sovetskiy-tur-tbilisi/,0,41,0,5.32
https://sakhva-travel.com/ge/ekskursiya/tur-batumi-2-dnya/,0,28,0,7.71
https://sakhva-travel.com/ge/ekskursiya/tur-batumi-iz-tbilisi/,0,29,0,7.1
https://sakhva-travel.com/ge/ekskursiya/tur-dlya-emigrantov-tbilisi/,0,5,0,21.6
https://sakhva-travel.com/ge/ekskursiya/tur-dlya-pensionerov-gruziya/,0,8,0,4.75
https://sakhva-travel.com/ge/ekskursiya/tur-gruziya-3-dnya/,0,20,0,7.65
https://sakhva-travel.com/ge/ekskursiya/tur-gruziya-leto/,0,15,0,5.87
https://sakhva-travel.com/ge/ekskursiya/tur-kazbegi-kakheti-2-dnya/,0,23,0,8.09
https://sakhva-travel.com/ge/ekskursiya/tur-po-hramam-tbilisi/,0,31,0,5.32
https://sakhva-travel.com/ge/ekskursiya/tur-vsya-gruziya/,0,11,0,7.18
https://sakhva-travel.com/ge/ekskursiya/ushguli-iz-mestii/,0,11,0,6.36
https://sakhva-travel.com/ge/ekskursiya/ushguli-shkhara-lednik/,0,18,0,8
https://sakhva-travel.com/ge/ekskursiya/vinniy-marshrut-alazani/,0,7,0,6.43
https://sakhva-travel.com/ge/ekskursiya/vinniy-tur-tbilisi/,0,6,0,7
https://sakhva-travel.com/ge/faq/,0,13,0,6.38
https://sakhva-travel.com/ge/gallery/,0,22,0,4.55
https://sakhva-travel.com/ge/georgia-travel-guide/#avtorskiy,0,15,0,6.13
https://sakhva-travel.com/ge/georgia-travel-guide/#intro,0,28,0,5.96
https://sakhva-travel.com/ge/georgia-travel-guide/#kogda-bron,0,15,0,6.13
https://sakhva-travel.com/ge/georgia-travel-guide/#paketnyy,0,29,0,5.93
https://sakhva-travel.com/ge/georgia-travel-guide/#sravnenie,0,15,0,6.13
https://sakhva-travel.com/ge/georgia-travel-guide/#tseny,0,29,0,5.93
https://sakhva-travel.com/ge/georgia-travel-guide/#vidy,0,15,0,6.13
https://sakhva-travel.com/ge/gornye-tury-gruzia/,0,10,0,4.8
https://sakhva-travel.com/ge/grupovye-tury-v-gruziyu/,0,72,0,7.19
https://sakhva-travel.com/ge/guria/,0,54,0,9.61
https://sakhva-travel.com/ge/individualnyy-tur-v-gruziyu/,0,3,0,36
https://sakhva-travel.com/ge/interpreter-and-support-georgia/,0,1,0,7
https://sakhva-travel.com/ge/mnogodnevnye-tury-gruzia/,0,5,0,7.2
https://sakhva-travel.com/ge/mtskheta-mtianeti/,0,42,0,8.64
https://sakhva-travel.com/ge/pogoda/,0,26,0,5.88
https://sakhva-travel.com/ge/pogoda/adjara/,0,49,0,8.33
https://sakhva-travel.com/ge/pogoda/bakuriani/,0,11,0,10.36
https://sakhva-travel.com/ge/pogoda/batumi/,0,6,0,11.17
https://sakhva-travel.com/ge/pogoda/borjomi/,0,8,0,11.75
https://sakhva-travel.com/ge/pogoda/guria/,0,86,0,8.2
https://sakhva-travel.com/ge/pogoda/imereti/,0,17,0,8.12
https://sakhva-travel.com/ge/pogoda/kvemo-kartli/,0,16,0,8.88
https://sakhva-travel.com/ge/pogoda/mestia/,0,11,0,13.64
https://sakhva-travel.com/ge/pogoda/mtskheta/,0,4,0,13.5
https://sakhva-travel.com/ge/pogoda/samegrelo/,0,88,0,8.05
https://sakhva-travel.com/ge/pogoda/shida-kartli/,0,40,0,9.18
https://sakhva-travel.com/ge/shida-kartli/,0,21,0,8.86
https://sakhva-travel.com/ge/terms/,0,2,0,5.5
https://sakhva-travel.com/ge/thailand/,0,29,0,9.69
https://sakhva-travel.com/ge/tours-from-krasnodar/,0,8,0,18.12
https://sakhva-travel.com/ge/tours-from-mineralnye-vody/,0,23,0,9.17
https://sakhva-travel.com/ge/tours-from-minsk/,0,23,0,5.04
https://sakhva-travel.com/ge/tours-from-nalchik/,0,50,0,11.66
https://sakhva-travel.com/ge/tours-from-nizhny-novgorod/,0,20,0,7.7
https://sakhva-travel.com/ge/tours-from-novosibirsk/,0,13,0,9.23
https://sakhva-travel.com/ge/tours-from-perm/,0,18,0,6.11
https://sakhva-travel.com/ge/tours-from-samara/,0,10,0,18.5
https://sakhva-travel.com/ge/tours-from-sochi/,0,7,0,22.86
https://sakhva-travel.com/ge/tours-from-tyumen/,0,69,0,8.23
https://sakhva-travel.com/ge/tours-from-ufa/,0,21,0,13.67
https://sakhva-travel.com/ge/tours-from-yekaterinburg/,0,10,0,16.6
https://sakhva-travel.com/ge/tury-v-gruziyu-letom/,0,3,0,4.67
https://sakhva-travel.com/ge/tury-v-gruziyu-zimoy/,0,3,0,5
https://sakhva-travel.com/ge/uae/,0,5,0,8.8
https://sakhva-travel.com/ge/vietnam/,0,14,0,8
https://sakhva-travel.com/ge/vip-turi-saqartveloshi/,0,11,0,6.36
https://sakhva-travel.com/grupovye-tury-v-gruziyu/,0,51,0,31.94
https://sakhva-travel.com/individualnyy-tur-v-gruziyu/,0,3,0,23.67
https://sakhva-travel.com/kakheti/,0,121,0,6.91
https://sakhva-travel.com/maldives/,0,19,0,7.11
https://sakhva-travel.com/mtskheta-mtianeti/,0,78,0,8.55
https://sakhva-travel.com/napravleniya/,0,40,0,6
https://sakhva-travel.com/otdyh-v-gruzii/,0,98,0,54.12
https://sakhva-travel.com/partners/ge/,0,9,0,6.11
https://sakhva-travel.com/perevodchik-i-soprovozhdenie-v-gruzii/,0,10,0,7
https://sakhva-travel.com/pogoda/adjara/,0,34,0,7.24
https://sakhva-travel.com/pogoda/batumi/,0,87,0,18.07
https://sakhva-travel.com/pogoda/borjomi/,0,63,0,11.14
https://sakhva-travel.com/pogoda/gudauri/,0,88,0,7.8
https://sakhva-travel.com/pogoda/guria/,0,8,0,8.25
https://sakhva-travel.com/pogoda/kutaisi/,0,129,0,7.66
https://sakhva-travel.com/pogoda/kvemo-kartli/,0,19,0,9.05
https://sakhva-travel.com/pogoda/mtskheta-mtianeti/,0,17,0,8.12
https://sakhva-travel.com/pogoda/mtskheta/,0,42,0,7.48
https://sakhva-travel.com/pogoda/samegrelo/,0,13,0,5.62
https://sakhva-travel.com/pogoda/samtskhe-javakheti/,0,25,0,9.64
https://sakhva-travel.com/pogoda/shida-kartli/,0,5,0,5.6
https://sakhva-travel.com/prices/,0,65,0,9.32
https://sakhva-travel.com/privacy/,0,8,0,4.88
https://sakhva-travel.com/samegre%D0%BB%D0%BE/,0,1,0,1
https://sakhva-travel.com/samegrelo/,0,101,0,7.83
https://sakhva-travel.com/thailand/,0,4,0,7.25
https://sakhva-travel.com/tour/digital-nomad/,0,94,0,9.49
https://sakhva-travel.com/tour/dinner/,0,5,0,6.6
https://sakhva-travel.com/tour/emigrant/,0,51,0,12.78
https://sakhva-travel.com/tour/kakheti/,0,13,0,9.08
https://sakhva-travel.com/tour/night-tbilisi/,0,38,0,13.34
https://sakhva-travel.com/tour/photo/,0,2,0,10
https://sakhva-travel.com/tour/tbilisi-hidden/,0,50,0,6.82
https://sakhva-travel.com/turkey/,0,15,0,6.73
https://sakhva-travel.com/tury-na-kazbek/,0,3,0,6.67
https://sakhva-travel.com/tury-v-gruziyu-iz-chelyabinska/,0,12,0,13.5
https://sakhva-travel.com/tury-v-gruziyu-iz-erevana/,0,43,0,8.91
https://sakhva-travel.com/tury-v-gruziyu-iz-kazani/,0,11,0,7.91
https://sakhva-travel.com/tury-v-gruziyu-iz-mahachkaly/,0,26,0,8
https://sakhva-travel.com/tury-v-gruziyu-iz-mineralnyh-vod/,0,11,0,9.27
https://sakhva-travel.com/tury-v-gruziyu-iz-minska/,0,4,0,26.75
https://sakhva-travel.com/tury-v-gruziyu-iz-moskvy/,0,24,0,29.67
https://sakhva-travel.com/tury-v-gruziyu-iz-nizhnego-novgoroda/,0,2,0,6
https://sakhva-travel.com/tury-v-gruziyu-iz-novosibirska/,0,13,0,8
https://sakhva-travel.com/tury-v-gruziyu-iz-permi/,0,16,0,18.5
https://sakhva-travel.com/tury-v-gruziyu-iz-rostova/,0,4,0,9
https://sakhva-travel.com/tury-v-gruziyu-iz-saratova/,0,13,0,8
https://sakhva-travel.com/tury-v-gruziyu-iz-sochi/,0,47,0,14.34
https://sakhva-travel.com/tury-v-gruziyu-iz-spb/,0,40,0,37.38
https://sakhva-travel.com/tury-v-gruziyu-iz-stavropolya/,0,16,0,9.94
https://sakhva-travel.com/tury-v-gruziyu-iz-tyumeni/,0,15,0,14.47
https://sakhva-travel.com/tury-v-gruziyu-iz-ufy/,0,28,0,8.11
https://sakhva-travel.com/tury-v-gruziyu-iz-vladikavkaza/,0,85,0,8.05
https://sakhva-travel.com/tury-v-gruziyu-s-detmi/,0,13,0,26
https://sakhva-travel.com/tury-v-gruziyu-zimoy/,0,3,0,45.33
https://sakhva-travel.com/tury-v-gruziyu/,0,360,0,25.78
https://sakhva-travel.com/tury-v-svaneti/,0,16,0,6.62
https://sakhva-travel.com/tury-v-tbilisi/,0,4,0,12
https://sakhva-travel.com/uae/,0,22,0,12.18
https://sakhva-travel.com/v.gorgasali-street-%E1%83%A1%E1%83%A2%E1%83%B0%E1%83%B4%E1%83%90%E1%83%9C%E1%83%AC%E1%83%9B%E1%83%98%E1%83%9C%E1%83%93%E1%83%90,0,1,0,1
https://sakhva-travel.com/voprosy/,0,13,0,17.08
